sEXT,sNEU,sAGR,sCON,sOPN,cEXT,cNEU,cAGR,cCON,cOPN,text
27,22,41,36,43,1,0,1,1,1,"العمل يرهقني لكنني اجني منه ثمارا كثيرة.
أحس أني ذو مستقبل زاهر مهنيا و شخصيا. لدي رفيق درب أستطيع أن اتكئ على كثفيه، أجده دائما مساندا و داعما لأفكار ي المهنية. المحيط الذي أعيش فيه يدعم أفكاري بكل ثقة "
35,33,39,35,46,1,1,1,1,1,ارى نفسي كانسانة متفتحة لتجارب جديدة لكنني أمل منها بسرعة، الدراسة علمتني و طورت شخصيتي بشكل كبير. اميل الى التعرب باناس جدد و مشاركة يومياتي مع الجميع رغم انني احب العزلة احيانا
38,32,36,35,43,1,1,1,1,1, دراستي تأخذ حيزا كبيرا من وقتي و اهتماماتي. بالموازنة مع الدراسة أحب الأعمال التطوعية و الاجتماعية و أسعى دائما لمساعدة الآخرين و أحب أن أرى البسمة على جميع الوجوه بدون استثناء لان ذلك يشعرني بالسعادة 
22,38,35,20,29,0,1,0,0,0,أعاني من مرض اضطراب الهلع وهذا يؤثر على عملي ودراستي وحياتي الشخصية أتابع مع أخصائي نفسي لكني لا أشعر بتحسن كبير أنا دائمة الخوف والتوتر والقلق من أبسط الأمور وثقتي بنفسي ضعيفة جدا
27,30,40,32,39,1,1,1,0,1,هناك الكثير من المسؤوليات الملقاة على عاتقي، الدراسة و العمل، واجباتي كأم و زوجة، إهتماماتي بنفسي و بمن أحب...، أحاول أن أخلق التوازن في حياتي قدر ما أستطيع، أوفق أحيانا و أخفق في أخرى لكن و الحمد لله أستمر و أثابر و أعلم أن الله لا يضيع أجر من أحسن عملا، علي فقط العمل و الإستعانة بالله و الصبر على مصائب الحياة و الله ولي التوفيق
28,29,36,38,42,1,1,1,1,1,لقد كنت شخصا لا مباريات بالدراسة و المستقبل. لكن كانت سنة البكالوريا نقطة تحول في حياتي حيث فهمت قيمة الدراسة و المثابرة. و قيمة وضع اهداف و محاولة الوصول اليها باي شكل من الأشكال. فهاذا التفكير مكاني من تقدير نفسي اكثر. و التعرف عليها اكثر. كما انني عرفت مكامن قوتي و تقبلت نقاط ضعفي
23,18,37,32,36,0,0,1,0,0,بقدر الكد تكتسب المعالي و من طلب العلا سهر الليالي ، و من طلب العلا بغير كد اضاع العمر في طلب المحال . الدكتوراه حلم بالنسبة لي ، يجب الصبر على لصعوبات ويجب المثابرة لنيلها و تحقيق الامتياز فيها ، ان الله خلق عقل الانسان الذي لا حدود له ، يجب استغلاله في البحث و اختراع شيء يفيد البشرية . اتوكل على الله و اصلي صلاة الاستخارة و الله يختار لي الطريق الذي فيه خير لي و يعينني عليه و يسخر لي الناس لمساعدتي . 
22,20,39,36,32,0,0,1,1,0,تميزت دراستي الجامعية بمجموعة من الدكريات و الاحدات التي اثرت بشكل ايجابي علي طريقة تفكيري. علمتني كيف ارتب اولوياتي  و اتعامل مع المصاعب. كما مكنتني من معرفة المشاكل التي يمر منها الطالب الجامعي الشيء الدي جعلني الان كاستادة جامعية اتعامل مع هدا الطالب مع الاخد بعين الاعتبار تلك المشاكل  
24,30,34,30,32,0,1,0,0,0,"تربية الأبناء بين حضارة الغرب و تعاليم الإسلام.
تحد كبير يواجه كل أبوين يفكران في مستقبل أبناءهم في بلاد الغربة، كيف نربي أبناءنا و المجتمع كله متربص بالإسلام و المسلمين ليملي عليهم كيف يعيشون دينهم على هوى الدولة العلمانية، كيف تنبت الفتيات على العفة و الحياء و القوانين الوضعية تجرم لبس الحجاب في المدارس، كيف تربيهم على الدفاع عن دينهم وحرية التعبير متاحة إلا لمن يتكلم باسم الإسلام.
 حصار الإعلام و القوانين السياسية و نظرات المجتمع المشبع و المسير بما يمليه أصحاب القرار يولد لدى الأجيال القادمة اما نفورا من هذا الدين الذي سيكون سببا في بغض الناس لهم و عدم قبولهم في المجتمع، أو يولد كراهية و حقدا تدفعهم للتطرف و الإرهاب. 
صنف ثالث لا إلى هؤلاء ولا إلى هؤلاء، هم خاصة الخاصة اصطفاهم الله و هدى قلوبهم للخير بهداه و أنار بصائرهم بنوره فلم ينحازوا لفتن الدنيا و زخارفها سعيا لإرضاء قرناءهم من الغربيين و لم ينحازوا لظلامية الحاقدين الذين يفسرون آيات الله على هواهم ليبرروا القتل و الإرهاب.
هذا الصنف هو غاية كل أب و أم غيورين على دين ابناءهم و صلاحهم فلا راحة لهم حتى يبلغوا بهم بر الأمان و يحموهم من براثن الشيطان
فاللهم إنا نسألك صلاح النية و الذرية، رب اجعلني مقيم الصلاة و من ذريتي ربنا و تقبل دعاء "
30,17,42,39,42,1,0,1,1,1,"انا طالبة دكتورة، و أشعر بتوتر كبير رغم اني والحمد الله في السنة التالثة ونشرت مقالا، الا اني اشعر يقلق مستمر، انا ادرس حبا في العلم وليس من اجل العمل او من اجل ان اصبح أستاذة لانها الافضل للمرأة، اطلب العلم من اجل العلم. لا اريد عمل اريد العلم و اريد.
احبك خولة."
22,27,37,28,35,0,1,1,0,0,انها تجربة حياة فدراستي الجامعية ساهمت بشكل كبير في تطور شخصيتي من تلميذ متكاسل الى طالب ليس ب مجتهد لكن يحاول الانضباط  ثم الانضباط خلال الحصص الدراسية و التركيز مع شرح الاستاذ لكي افهم جيدا دروسي. فبالرغم من عدم اشتغالي و مراجعتي للدروس يوميا لكن فهمي الجيد لشرح الاستاذ ساعدني بشكل كبير في تطوير مستواي الدراسي و التحصل على نقط في ارتفاع مستمر.
26,28,36,36,37,0,1,1,1,0,"- الدراسة في الجامعة، زيادة على أهميتها في تلقيني المعارف والتقنيات الأساسية المتعلقة بالتخصص الذي اخترته، فقد شكلت هذه الفترة نافذة انفتحت من خلالها على أشخاص بعقليات وثقافات مختلفة، من مدن مختلفة وحتى من دول أخرى.
- تجربة العمل واجهت في بدايتها صعوبات كثيرة، لاسيما فيما يتعلق بمدى تطبيق ماهو نظري على أرض الواقع، كما أن ميدان العمل الذي أشتغل به للأسف يندر فيه الإخلاص والإثقان ويكثر فيه الغش والكذب والرشاوي.
- أحس أن الأيام والأسابيع تمر بسرعة غريبة، بروتين ممل."
24,16,36,31,39,0,0,1,0,1,و مع التقدم في العمر تنظج أكثر و تتغير نظرتك للامور و لا تبقى سطحيا في حكمك على الاشياء و يصبح اهم شيء لديك هو راحتك النفسية و سلامة محيطك...و مع التقدم في العمر تنظج أكثر و تتغير نظرتك للامور و لا تبقى سطحيا في حكمك على الاشياء و يصبح اهم شيء لديك هو راحتك النفسية و سلامة محيطك...
25,28,34,35,36,0,1,0,1,0,دراستي مرت بضروف صعبة رغم الفقر و الحاجة و لحدود الان، مازلنا نكافح و نقضي اليوم بكثير من الامل لمستقبل زاهر و لحال افضل. ففي كل عطلة اسافر للعمل في مجال البناء،  كل ذالك الفقر و الحاجة لم يمنع يوما  من السير في ذالك الهدف المنشود، و الذي هو الحل الوحيد للخروج من دوامة الفقر و ترقيع الوضعية،  بعد حصولي على الاجازة طرقنا كل الابواب للحصول على مصدر رزق لكن كل الوضائف بالماستر  بعدها دخلت غماره و بعد حصولي عليه  طرقت الابواب و لزلت، ثم بعد ذالك رأيت موضوع  بحث في مجال جديد  لم افهم فيه شيء في البداية بعدها قمت ببحث معمق، ادركت انه مهم للغاية، دفعت لتلك الاطروحة و نجحت فيها،  و ها انا ذا لزلت اكافح.
27,23,37,42,38,1,0,1,1,1,"وظيفتي كمدرسة  لها تأثير على شخصيتي بالإضافة إلى تأثيرها على البيئة من حولي ، حيث أنها تتطلب العديد من المتطلبات للنجاح فيها أهمها الصدق والأمانة والتسامح والعدالة وتقدير الجهد البشري ووضعها في النصاب القانوني الصحيح ، بالإضافة إلى الاهتمام بكل ما هو جديد ومتطور في عمل، أدوات وأبحاث ودراسات ...
وأهم ما في الأمر حب العمل وطلب رضا الله تعالى ."
22,29,34,27,30,0,1,0,0,0,السلام عليكم منذ بداية الموسم الدراسي لمست تغيرا كبيرا في رغبتي وحيويتي المعهودة و ما لبتث ان دخلت في وسواس و توتر بسبب الام في الراس والمعدة فسرها جميع الاطباء بانها نفسية وانعكست على جودة نومي ومردوديتي في العمل. و هذا طبعا زاد من انعزالي و كسلي و عدم الانخراط في مجموعة من الأعمال المفيدة .يمكنكم تحليل شخصيتي من اجل ايجاد الحلول الملاءمة لتقويتها و تنميتها وبالتالي تحسين الانتاجية في العمل والدراسة وشكرا.
20,25,35,34,38,0,1,0,1,1,"لنتكلم عن سنوات الدراسة بالجامعة، فهي من أحب فترات حياتي إلى قلبي. تغيرت فيها بشكل كبير، أو بالأحرى نضجت فيها بشكل كبير نظرا لتعدد التجارب التي مررت بها...جربت شعور النجاح والتميز وكذا شعور الفشل والاحباط....كونت علاقات اجتماعية (قليلة لكنها مازالت مستمرة) وتعرفت على نقط ضعفي وقوتي...كل هذا جعل مني الشخص الذي أنا عليه اليوم. أنا ممتنة لكل هذا. حاولت أن أختصر ما أمكن، وإلا فإنه لا يمكنني التعبير عن 5 سنوات من حياتي في سطرين اثنين.
أما عن أسبوعي...والذي لم ينته بعد، فإنه متعب نوعا ما....أقوم فيه بالكثير من العمل والقليل من الراحة، لكنني سعيدة بما أقوم به وأشعر مع ذلك بأنني في نعمة... ""وما نيل المطالب بالتمني ولكن تؤخذ الدنيا غلاباا"". ما إن أصل مبتغاي... سأنسى كل هذا التعب...الحمد لله. أكتب هذه الكلمات وأنا في استراحة ...سأعود إلى العمل الآن...وفقني الله وإياك...
"
29,29,38,31,32,1,1,1,0,0,الدراسة والبحث العلمي يحتاج الى الصبر والنفس الطويل والالتزام ببرنامج يومي دون التماطل في تطبيقه مع الابتعاد عن القلق والتعصب والاشخاص السلبيين والتركيزعلى تحقيق هدف محدد  بشتى الطرق دون الشعور بالاحباط
21,29,41,24,33,0,1,1,0,0,السلام عليكم، سأتحدث قليلا عن تجربتي في مسار  الدكتوراه بالأخص و أنا بصدد متابعتها في السنة الخامسة، سأقول رأيي بصراحة لو يعود الزمن لوراء لن أخوض تجربة إنهاء الدكتوراه، هي حقا مستوى جميل و ذو قيمة إن كنت طالب حاصل على دكتوراه فهي قيمة مضافة الينا كطلبة لكن صعوباتها المتعددة والتي تعد ولا تحصى تجعل مني شخصا مكتئبا في العديد من المرات، أولا على مستوى تعامل الأستاذ المشرف، ثانيا على المستوى المادي في الدراسات العليا مجموعة من التخصصات وأنا في تخصص البيولوجيا نحتاج فيه كطلبة مجموعة من الأدوات و المعدات التي لا تتوفر عليها و عند طلبها نسمع مجموعة من الأجوبة حتى نقوم بطلبها بأنفسنا، المهم الحصول على الدكتوراه شيئ جميل خاصة إن كان في سبيل تحقيق طموح شخص يحبك و يريد رؤيتك في مناصب راقية لكن ظروف العمل بها يأخذ منا الكثير من الوقت وكما قلت لو رجع الزمان لما تابعتها بل كنت سأبحث عن عمل بالأول وبعدها أنهي دراستي وهذا رأيي. 
24,32,35,34,42,0,1,0,1,1,كانت تجربتي الجامعية متميزة، رغم الصعاب رغم العثرات ولحظات السواد..كنت متيقنة أن كل شيء سيكون على ما يرام في نهاية المطاف. النهاية، تلك التي تنقش على أعتاب الزمان بدايات لا حصر لها.و ها أنا هنا أخوض تجربة جديدة في سلك الدكتوراه، و أنا على يقين تام أن الغذ أجمل.
26,30,32,31,35,0,1,0,0,0,كيف التعامل مع العلاقات السامة...هنالك اناس لا تردد في ابداء ملاحضات مدمرة الاخر عن غير قصد اما ان كان عن قصد كان الامر اخطر...نفس الاشخاص تلاحظ فيهم جل او اغلب الانتقات التي وجهتها الناس اخرين. لماذا الناس لا تردد في استعمال القلم الاحمر والبدء في العتاب  دون أن تنتبه ولو لهنيهة وتبدء غي انتقاد ذاتها..نفس الاشخاص اذا عكست لهم ملاحظاتها لاتتقبل او تنزه نفسها
29,25,41,35,34,1,1,1,1,0,الحياة الجامعية هي مدرسة بناء الذات والاحتكاك مع مجموعة من الناس وبناء أفكار جديدة حول ذاتك وذلك من خلال وضع النفس في مواقف متعددة ومحاولة التعامل مع كل وضعية وضعية 
26,22,37,34,36,0,0,1,1,0,"رحم الله عبدا عرف قدره,ان عمل اتقن,و ان عهد اوفى,اد عزم صبر,و ان انكسر قام,و ان هاجر لم يهجر,وكلما زاد عمره زاد علمه,فالعلم خير الزاد.و خير العلم ان لا اله الا اله."
29,19,37,40,47,1,0,1,1,1,الحياة مليئة بالأحداث و المفاجئات، لذا وجب علينا أن نكون دائما مستعدين لكل الأحداث سواء مفرحة أو محزنة. الحياة يجب أن نعيشها بإيجابية و بطموح تغذيها إلى أن تصل الى ما تريد و إلى ما تطمح. كن وسيلة تسبح بك العلوم إلى أعمق الأفكار و المعلومات في مختلف أنحاء العالم 
25,20,33,35,42,0,0,0,1,1,اكتسبت عدة معارف و مكتسبات خلال فترة الدراسة تكوين جيد اهلني إلى فهم عدة ظواهر وتحسين طريقة التفكير و حل المشاكل الشخصية والمهنية. وكدا الوثوق بالدات واكتساب شخصية قوية والا
29,21,36,37,39,1,0,1,1,1,التقيتها، كانت دافئة المبسم،يعلو وجهها تلك الحشمة المغرية، عيناها ذات بريق هو مزيج بين حنان الحبيبة و دفئ الأم، جميلة، حنونة. استقبلتني بلهفة، بحفاوة، بشوق و حب غامر و كنت أنا التائه الضائع في عروق يدها و بريق ابتسامتها و بين ثنايا تفاصيلها.
27,14,41,41,49,1,0,1,1,1,من الأفضل أن لا أكتب فإن بدأت بالكتابة فلن أتوقف حتى ينتهي حبر قلمي. إجابتي لكم  باختصار  المدرسة المغربية مصنع لإنتاج أناس أو أشخاص غير مؤهلين لسوق الشغل، من اعتمد فقط على المدرسة فكن متأكدا أنه سيبقى في مكانه.
32,19,39,40,46,1,0,1,1,1,"توصلت برسالتكم عبر الايميل و ترددت عن فتحها لأن أحيانا، و للأسف، يبعث الطلبة الباحثون رسائل تزعج المتلقي. يسعدني أن أساهم في تطوير عملكم. فهذه كذلك فرصة لي  كي أتحدث باللغة العربية. لاحظت بعض التكرار في الأسئلة المطروحة وأعتقد أن الأمر مقصود. (لم أكتب باللغة العربية منذ سنوات، فأعتذر عن ركاكة الأسلوب) 
أتمنى لكم التوفيق. "
34,26,35,38,45,1,1,0,1,1,مكنتني الدراسة الجامعية في شعبة علوم المعلوميات و الفيزياء من تحصيل معارف، تقنيات و مهارات متميزة بالإضافة إلى تكوين شخصية متميزة ذات طابع عملي و منتظم، حيث تمكنت من تطوير كل هذه المهارات من خلال عملي كمهندس في النظم المدمجة في مجال السيارات ذاتية القيادة و كذا الطائرات. وبتوفيق من الله تعالى تمكنت من بداية تحضير الدكتوراه في نفس المجال و أتمنى أن أوفق لتقديمها. أُسعدت كثيرا بكتابة هذه الأفكار باللغة العربية.
29,22,38,41,44,1,0,1,1,1,الحفاظ على المبادئ يتاتى بالاقتناع بها و الإقتناع بها يعني ان نعلم ان طريق الحفاظ عليها وعرة تحتاج إلى الصبر. أصحاب هذا الخيار عن قناعة سيتمكنون من التغلب على مصاعب الطريق مهما همت بالتشويش حتى يسلموا من ثقافة القطيع. 
22,27,31,33,35,0,1,0,0,0,تجربتي في الدراسة الجامعية كانت متميزة، فقد ساعدتني على تنمية ذاتي و في عدة اشياء اخرى... و حاليا قررة متابعة الدراسة في سلك الدكتورة لكي اصبح أستاذة جامعية بإذن الله ولكني في هذا الوقت اشعر يتشتت أفكاري و عدم القدرة على تحديد ما اريد
31,24,34,36,30,1,0,0,1,0,أشعر في بعض الاحيان بالندم على معرفة بعض الأشخاص و على بعض المواقف ، لكن الندم لايفيد في شيء لذلك اتدارك نفسي  و أفكر جيدا في تجاوز هذه الأفكار السلبية و أحاول ان استفيد من الاخطاء لكي تزيد قوتي و معرفتي بالاخرين.
37,20,34,39,43,1,0,0,1,1,في ظل الأزمة الصحية العالمية ، ان انقطاع الدراسة الحضوري له تأثير بالرغم من اعتماد وسائل بديلة كالتعليم عن بعد لكن يبقى الارتباط بالواقع  متميز بكل حيتياته و تفاصيله، تعرفنا على المعنى الحقيقي لقيمة المكان و الاشخاص 
24,37,35,39,40,0,1,0,1,1,في الدراسة مررت بعدة تجارب و محطات الإجازة و الماستر و الدكتوراه كانت تجربة مليئة بالمعاناة والحياة الجامعية القاسية و في نفس الوقت أجمل أيام الحياة و سافرت الى ألمانيا من أجل تكوين جامعي كانت تجربة رائعة للغاية 
28,17,33,38,48,1,0,0,1,1,لقد تغيرت شخصيتي مع مرور سنين الدراسة، لكن المرحلة التي شهدت فيها تكوينا قويا لشخصيتي هي في مرحلة الدكتوراه. حيث انني اكتسبت مجموعة من المميزات التي كانت حاسمة في بعض اختياراتي في الحياة.
18,23,42,29,36,0,0,1,0,0,كانت عندي افكار مسبقة  سلبية على الكلية التي درست فيها نظرا لما كان يقال في محيطنا لانه دائما كان ارتباط الدراسة هناك بالفشل و الكسل و الغباء لعدم الحصول على نقطة مشرفة لولوج كلية اخرى. هذه النظرة المحبطة من طرف المحيطين و كلمات الاحتقار و الاستهانة بقدراتنا المعرفية جعلت عقلي الباطني يصدق حقا انني فاشلة و لم استطع للاسف الاستمتاع بسنواتي الدراسية التي اصبحت تبدو لي اروع و احلى الذكريات نظرا لنضجي و تغيير نظرتي للحياة .
26,21,36,33,30,0,0,1,0,0,"حاليا اعمل بالوظيفة العمومية و اتابع دراستي الدكتوراة مما يؤثر سلبا على نفسيتي و اعصابي، توتر كبير و ضيق الوقت
افكر مرارا ان اترك الدراسة حتى اخفف الضغط على نفسيتي
لكنني اتردد لكون الوظيفة مملة و غير عادلة من حيث الاجر مقابل العمل"
27,25,28,28,39,1,1,0,0,1,تجربتي في الدراسة الجامعية كانت مبنية ليست على اختياراتي أنا بل نظرا للنظرة الاجتماعية التي ينظر بها للمهندسين... لكن بعد اجتياز الأسدس الأول ادركت أنه لا فاىدة في التذمر و الشكوى و لابد من الاجتهاد و العمل و هذا ما فعلته طوال سنوات دراستي الجامعية... لا أستطيع القول بأنني الآن أحب ما أفعل و لكن ما أدراني أنني كنت سأظل أحب ما أحب طيلة هذه السنوات لربما كنت سأنتهي بنفس الإحساس... 
27,16,40,35,32,1,0,1,1,0,الأشياء التي أحببتها في الحياة هي والدي وموارد المعلومات لأنها تجعلني أشعر بالقوة والسعادة. من خلال تجربتي في الحياة اعتقدت أنه لكي تعيش في الأرض يجب أن يكون لديك شيئان هما السلطة والتعليم في يدك
24,26,29,27,34,0,1,0,0,0,"لا افكر في اي شيء حاليا  لكن احب عملي كثيرا و اشعر انني محظوظة و احمد الله كثيرا على هده النعم الكثيرة 
بالنسبة للدراسة في الجامعة كانت جيدة نوعا ما كانت بعض الصعوبات "
23,24,43,38,42,0,0,1,1,1,الجامعة هي مرحلة مهمة في الحياة تعلمك الكثير من الأشياء من بينها الصبر والإلتزام وتكوين شخصية قوية  تجديد الأفكار ومن يكمل دراسته في الجامعة او  بالأحرى بعد الإجازة فهو شخص عرف وفكر مليا قبل اخذ هذا القرار رسم طريق طويل جدا لكنة مثمر نوعا ما ،سيحصد العديد من الاشياء في المستقبل رغم الثغرات والثعثرات التي يمكن ان تصادفة يسقط ويقوم مرة أخرى . تجربة جميلة تعلمك الإعتماد على نفسك تنمية الرصيد المعرفي بالعديد من المعلومات الجديدة والبحث المستمر والتعمق في العديد من الأشياء خصوصا المتعلقة بمجال تخصصك.  
28,31,32,31,39,1,1,0,0,1,إنه أول عام لي في هذه المدينة و في هذه الكلية، عموما أمور البحث لا بأس بها، ربما أجد بعض الصعوبات في الإندماج مع الآخرين، أحيانا أجد صعوبة في التعبير عن نفسي لأنني شخص بطبعي أميل إلى الإنعزال،  كما أنني أفكر أحيانا أنني لا أستطيع النجاح و أنني سأفشل ، أشياء مثل هذه الأمور تراودني . 
21,24,35,39,37,0,0,0,1,0,الدراسة بالجامعة و خاصة الدراسة بسلكي الماستر و الدكتوراه كانت بالنسبة لي تجربة جد متميزة أضافة الى حياتي الشئ الكثير،اكتسبت خلال هذه الفترة مهارات عدة سواء في الجانب العلمي أو الجانب الشخصي و المهني كطريقة التعامل مع الآخر و تدبير الجانب العلائقي،طريقة التعامل مع المشاكل و طريقة التفكير السليم....
25,14,41,42,44,0,0,1,1,1,طالب مسجل في سلك الدكتوراه سنة خامسة في جامعة سيدي محمد بن عبد الله، من بين الأشياء التي أومن بها هي مدى أهمية البحث في تطوير الذات والمجتمع رغم الظروف القاسية للبحث التي نمر بها. لكن بالعزيمة والارادة يذوب كل شئ.
26,13,40,32,42,0,0,1,0,1,"بشكل عام المرحلة الجامعية تختلف بشكل كلي عن المرحلة الثانوية، وفي عالمنا العربي الاختلاف هذا يتضاعف عن غيره من الدول. فالمدارس والثانويات بشكل عام قائمة وبشكل أساسي على الكثير من القوانين والقواعد التي على التلميذ التقيد بها، وفجأة يجد نفسه في مكان يملك فيه الكثير من الحرية، ومع ذلك يجد نفسه مقيداً.
 
هناك هو المسؤول عن نفسه وأي قرار يتخذه سيتحمل مسؤوليته وحده، وعليك تجربة يمكنها أن تكون الأفضل أو الأسوأ في حياتك.. الأمر يعتمد عليك."
22,24,40,39,39,0,0,1,1,1,"يومي مر متوترا قليلا لانه كان علي ان ارسل مقالا قبل المدة الزمنية المحددة, و لكن الحمد لله توفقت في ارساله. سبب توتري هو انني تركت العمل الى اخر لحظة.
يومي مر متوترا قليلا لانه كان علي ان ارسل مقالا قبل المدة الزمنية المحددة, و لكن الحمد لله توفقت في ارساله. سبب توتري هو انني تركت العمل الى اخر لحظة.
"
24,19,34,30,44,0,0,0,0,1,الحياة اللجامعية تبني شخصية الإنسان و تساعده على الانفتاح على الأخرين و العمل ينمي حس المسؤولية و مهارات التخطيط لكن العنل المكتبي الروتيني يقتل الابداع لهذا أحاول متابعة الدراسة و البحث و ممارسة أنشطة متنوعة الرياضة ، السفر، تعلم لغات جديدة....
29,18,33,42,49,1,0,0,1,1, المتعة في الطريق ليس في الوصول الى القمة، تقدير و حب الذات ضروري من أجل حب الغير، السلام الداخلي و الفهم العميق للحياة يجعلك قادر على مواكبة ما تسميه انت عراقيل و ما هو في الحقيقة سوى فرصة نجاح. 
21,20,36,35,33,0,0,1,1,0,"عبدة ربها صبورة جدا ، تحب الخير للجميع و تشعر بالراحة عند مساعدتهم ، و عند قيامي بعمل ما أسعى إلى إتقانه و ذلك يأخذ مني بعض الوقت. 
و لكن في بعض الأحيان أشعر أني قلقة إذا واجهت مشكلة عصيبة جدا فوق طاقتي,"
26,17,40,30,38,0,0,1,0,1,اشعر بانني مشوش الافكاار وكل ما يشغل بالي هو كيفية اطروحة دكتورتي رغم اني اضييع كتيرا من الوقت في الهاتف والامور غير المجدية تماما كما احس اني اصبحت منافق ،اضن ان هذا كل ما اريد قوله
26,19,31,31,39,0,0,0,0,1,"غالبا ما أشعر بالوحدة و الحنين إلى الماضي نظرا لقلة الأصحاب في حيي . لكن مع ذلك فإني نشيط في أغلب الأحيان , حيوي ومليئ بالأفكار الإبداعية , إذا أسندت إلي مهمة فإني أحاول جاهدا أن أتمها و أقوم بها على الوجه الأكمل , أحب أن أبحث وأحاول أن أفهم خبايا الظواهر الطبيعية "
19,22,36,37,36,0,0,1,1,0, تجربتي الجامعية كانت غنية جدة لان اختياري لمادة الرياضيات كان عن حب وشغف مما ساهم في إعطاء لمسة سعادة وتحقيق للذات خلال الدراسة الجامعية. بدأت حياتي المهنية كأستاذ للسلك الثانوي ،تخصص رياضيات ثم مفتش ممتاز لنفس التخصص ، احب المغامرة والبحث عن آفاق جديدة. اصدقائي على رؤوس الاصابع، أفضل التواجد مع أسرتي الصغيرة عوض شرب كأس قهوة مع صديق.
24,28,29,32,39,0,1,0,0,1,، هناك تحديات و صعوبات تجعل منك شخصا مكافحا لتصل الى اهدافك المهنية. أمضي أيامي في الدراسات العلمية بالمختبر و في التكوينات التابعة لمركز الدكتوراة، كما احيانا أمل و اقوم بالترفيه عن نفسي مع الاصداقاء او مع زوجي من خلال خرجات و القيام بنزهة
22,23,38,29,38,0,0,1,0,1,أشعر بتشتت في أفكاري خلال الآونة الأخيرة، لم أعد أعرف ماذا أريد، أرغب في عزلة تدوم فقط مدة أسبوع، عزلة عن كل الأشياء و الأشخاص لربما أعرف ماذا أريد و يندثر هذا التشتت.
28,17,33,35,40,1,0,0,1,1,انا متميز  وامتلك روح الدعابة والمغامرة واحب ان اعتمد على نفسي في فهم الاشياء وحتى في الدراسة احب ان افهم الدرس على طريقتي ليس على طريقة الاخرين واحس بالسعادة عندما اكون اشرح واساعد مجموعة من الطلبةفي فهم الدرس
22,22,35,34,34,0,0,0,1,0,"كان عمري 15 عامًا عندما ذهبت لأول مرة إلى كلية العلوم لتقديم قضيتي التي رفضتها العديد من المدارس التي أردت القيام بها. في ذلك اليوم شعرت بالعديد من المشاعر السلبية. الحزن والحزن والشعور بالذنب والاكتئاب والخوف والقلق واليأس ... كل هذه المشاعر جاءت في الواقع من أفكار الآخرين. لطالما سمعت عن الكلية باعتبارها متاهة ومضيعة للوقت. وفقًا لمن حولي ، لن تعطيني الكلية أبدًا ما أريد. لكن لم يكن لدي خيار آخر ، إما أن أتكيف مع ظروف الكلية أو أفتقد 365 يومًا لتجرب حظي مرة أخرى مع المدارس التي أردتها. على الرغم من الطاقة السلبية التي أطلقها من حولي ، إلا أنني لحسن الحظ تمكنت من الحفاظ على حافزي وقوتي من خلال الإيمان بالجهد الشخصي ، وفجأة حددت هدفًا وهو الحصول على 3 دبلومات في مدة واحدة مدتها 5 سنوات (منح ، رخصة ، ماجستير ) بينما أخبرني الغالبية أنه مستحيل خاصة عندما يتعلق الأمر بمجال علم الأحياء ، وهو مجال غامض ومتنوع ، ويتطلب جهدًا عقليًا وذاكرة جماعية وصبرًا. كنت لا أزال قادرًا على تحقيق هدفي من خلال تسخير صفاتي الإنسانية بما في ذلك الإرادة الحديدية والثقة بالنفس والأمل والتحفيز والطموح. لذلك وجدت أنه لا يوجد شيء مستحيل ""عندما تريد يمكنك ذلك"". أيضًا ، يجب ألا تأخذ الآراء الشخصية للآخرين على محمل الجد ، فمعظمهم لديهم مفاهيم خاطئة عن الكلية. علمتني الكلية أن أبني أفكاري الخاصة بناءً على تجربتي الخاصة. جعلتني الكلية قوية وقادرة على تحقيق أحلامي مهما كان الأمر. الكلية لا تدعني أتخلى عن الأمل. أصبحت الجامعة بالنسبة لي منزلي الثاني للتعليم لأنني بفضلها اكتسبت العديد من المهارات. لقد أوصى الكثير من الناس بإعادة البكالوريا بحجة أنه إذا واصلت دراستي في الجامعة فلن يكون لي مستقبل ، وأنا هنا الآن طالب دكتوراه في السنة الثانية وأهدف إلى منصب أستاذ مساعد."
27,17,28,32,35,1,0,0,0,0,حاليا انا راض الى حد ما عن وضعي، لكنني متشغف للمزيد و أرغب دائما في التغيير و تطوير ذاتي و محيطي للأفضل، اشعر احيانا أنني عاجز عن الحسم في بعض الأشياء، مع مرور الوقت تقل ثقتي بالآخرين، جد متفائل من المستقبل و هذا ما يدفعني للإجتهاد و المثابرة ...
23,24,36,33,35,0,0,1,0,0,مرت حياتي الجامعية في أحسن الأحوال، تجربتي في العمل الحمد لله رائعة، لاكن أعاني من مشاكل نفسية طفيفة المتعلقة بموضوع الزواج يمر يومي في ظروف عادية فقط يجب التصدي لبعض المؤثرات
24,22,32,34,30,0,0,0,1,0,"الحمد لله حمدا كثيرا، 
مرحلة البحث العلمي من أهم المراحل في حياة الإنسان، فخلالها يتم صوغ شخصية الإنسان في قالب الصبر و المثابرة و مواجهة الصعاب و الشداىد، و تحمل الهموم و المتاعب. و لكن بحسن الظن بالله و الأخذ بالأسباب، تزول كل العقبات و يصبح كل شاق يسيرا. نسأل الله التوفيق و البركة لكل شباب و باحثي المسلمين."
19,29,35,31,36,0,1,0,0,0,"تجربتي في الجامعة كان لها تأتير مهم في حياتي حيت من خلالها تمكنت من سقل مواهبي واكتشاف عالم اخر كدلك مكنتني من تقوية شخصيتي وهدا راجع لكثرة التجارب التي مررت بها 
يومي لحد الأن يمر بهدوء حيت أمارس مهمتي الموكلة لي و أنا في راحة وبطاقة اجابية"
12,31,39,34,32,0,1,1,1,0,اصبحت اشعر بخلل في شخصيتي و بضعف فيها جراء عدم استطاعتي قول لا، احس باستغلال الاخرين لي و لا استطيع تبديل هذا مع الاسف، و هذا يجعلني احس بالم نفسي كبير و احس انني لا 
29,20,39,34,37,1,0,1,1,0,اذا نشأت في وسط بعيد عن الدراسة يجب ان تنال كي تحقق ما يمكنك تحقيقه في هذا المجال. قد تعترضك عوائق كبيرة جدا لكن بالصمود والصبر ستصل ما تصبو اليه. ستحاول وتثابر الى ان تحقق مبتغاك. ولكن في كل مرحلة من حياتك يجب أن تتحلى بالهدوء واجعل كرامتك فوق كل اعتبار
34,35,39,38,45,1,1,1,1,1,بعد ما مر رنا به في الاونة الاخيرة تغيرة كثيرا اصبحت متقلبة المزاج عصبية لا اتقبل النصيحة و هدا بسبب كرونا   يجب ان اقوم بالرياضة لكي اخرج من هدا الر وتين اليومي
30,30,28,27,41,1,1,0,0,1,اجد صعوبة في التحدث عن ما يجول بخاطري أعتقد ان هدا راجع الى عدم الاستقرار الفكري الدي اعيشوه ماخرا اد امر بمرحلة فراغ ناتجة عن روتين قاتل زيادة على انني في توثر مستمر 
29,16,36,32,39,1,0,1,0,1,العمل مع الطلبة في الجامعة يشكل لي حافزا كبيرا للاستمرار في العطاء، بينما العمل في المستشفى مع المرضى فهو يتسم بكثير من القلق و التوثر، لعدم قدرتنا للإستجابة لمتطلباتهم في الوقت و الشكل المثاليين.
31,11,41,42,35,1,0,1,1,0,أشعر اليوم بارتياح أفضل من الأسابيع الماضية. اليوم مشمس والجو ربيعي، واستيقضت باكرا، والآن استأنفت بحثي... الرضا عامل مهم لتحقيق السعادة... أحيانا أفكر أن المال أصبح عنصرا أساسيا لتحقيق السعادة. هذه الاستنتاج الأخير بدأ يشوش علي حياتي خلال السنتين الأخيرتين. أرجو أن يصفو ذهني خلال الأيام القادمة
28,24,34,35,34,1,0,0,1,0,كانت تجربتي الجامعية من أهم التجارب التي أثرت في تكوين شخصيتي وتحديد مستقبلي المهني. وعندما التحقت بالعمل بصفتي أستاذا للتعليم العالي انخرطت بسرعة في الفريق البيداغوجي فساهمت إلى جانب زملائي في تكوين الطلبة وتأطيرهم وفي إنجاز المشاريع العلمية التي يتم اقتراحها. وهكذا يمر الأسبوع وكله عمل في تهييء الدروس وتصحيح البحوث واستكمال التكوين وكتابة المقالات وإعداد المداخلات، ويتخلل ذلك الاهتمام بأسرتي: تتبع سير تمدرس الأبناء وممارسة أنشطة رياضية مختلفة. وهكذا أجد نفسي مشغولا بمشاريع مهمة مما يجعلني مرتاحا نفسيا وبدنيا. 
29,33,34,32,41,1,1,0,0,1,الدراسة هي شيء ممتع ينمي فيها الإسان قدراته  ويعمل على تحقيق ذاته وأيضا تساعده في أن يطمح في تحقيق ذاته فالدراسة بالنسبة لي شيء رائع تساعدني في فهم أمور كتيرة وأيضا تعطينا فكرة عن الحياة اليومية وكيفية التعامل مع الأخرين
23,10,40,36,33,0,0,1,1,0,انا جد سعيد و ممتن لانني بصحة جيدة وعندي ابناء و زوجة رائعين. امتهن التدريس وطلبتي يحبونني كثيرا واكون جد سعيد عندما اكون داخل الفصل معهم. عندي زملاء و اصدقاء اقدرهم واحترمهم ويبالونني نفس التقير والاحترام.الحياة جميلة و بسيطة.
32,26,35,40,40,1,1,0,1,1,الحمد لله تجربتي بالجامعة وبالدراسة عموما تجربة مرضية عندي تكونت خلالالها واستفدت من مجالات متعددة واكتسبت علاقات اجتماعية وعلمية ومهنية كثيرة ولي أثر محمود في وسطي المهني والاجتماعي بل وفي العالم بمن الله وفضله
29,26,30,35,41,1,1,0,1,1,"قول الحق صعب،  واللامبالاة أصعب، 
يجب الخروج من منطقة الركود والراحة،  و البحت عن كل ما هو جديد. 
الابتعاد عن القيل والقال والاهتمام بنفسك والمقربين لك تمنحك السعادة والراحة. 
التطلع إلى ما هو جديد وميادين جديدة تجدد افكارك و تطور ثقافتك لما هو أحسن. "
21,27,43,30,35,0,1,1,0,0,كل يوم احس أنني أغرق أكثر فأكثر في مشاكل الحياه اليومية حتى أنني انسى نفسي و شخصي. افقد تركيز في بعض الأحيان و اميل إلى الكسل و الغوص في معاناتي و الأمي و روتيني. حس أنني وحدة في هذا العالم لا أحد أهمه رغم أنني أظهر العكس
32,18,36,41,39,1,0,1,1,1,"التدريس في الجامعة يعتبر تجربة غنية، احاول توفير الظروف المناسبة لطلبتي و الانفتاح على التجارب العالمية الناجحة و نقلها لتطوير طرق التدريس و المناهج. المرجو الاهتمام اكثر بالطلبة و مصلحة المؤسسة على المصلحة الشخصية او الانتماء النقابي.  
 "
32,10,39,42,44,1,0,1,1,1,آمنت منذ صغري بأن قدرة الشخص على بناء نفسه أمر لا مفر منه لأنه الأصل في وجوده، فعملت على التحقق منه، فتم لي ما أردت. وكان التدريس بالنسبة لي هو القناة التي يمكن أن أبلغ من خلالها للأخرين صحة هذا الاعتقاد. ساعدني على تحقيق هذا المبتغى حبي لمهنتي ولمن أعلم. فتوفقت وتفوقت في ما سعيت إليه بالمقارنة مع ما كنت أعمل من أجله. ولازلت آمل في المزيد.
33,35,33,39,36,1,1,0,1,0,عملي بالجامعة كان تجربة لمعرفة من حولي فخدلت من اشخاص كانوا اقرباء لقلبي فخذلوني،لكني تعايشت مع الوضع و ادركت انه لا مجال الصداقة في العملبل الصفات اللتي تطغى هي اللانتهازيية،المكر و الحسد
16,33,23,18,20,0,1,0,0,0,حياتي في حالة فوضى ، لا أعرف الطريق الذي يجب أن أسلكه ، أريد أن أكون شخصًا ناجحًا لكنني لم أجد بعد المكان الذي أشعر فيه بالراحة ، أنا متشائم وأريد التغيير للافضل.
27,16,33,40,42,1,0,0,1,1,"الجامعة هي المكان الذي تعلمنا فيه مبادئ الحياة من الاعتماد على النفس، المثابرة، الاحتكاك بالاخرين، الصبر، البحث عن المعرفة.
لقد كان للجامعة دور كبير في تكوين شخصيتنا ومستقبلنا وعلاقتنا مع المحيط الأسري والمهني والعام."
25,24,36,32,39,0,0,1,0,1,الأخلاق شئ مهم في الحياة. لا يمكن أن نتصور تقدم شعب بدونها. بها نرتقي ونصل إلي المبتغى. بالأخلاق يمكن للإنسان أن ينمي جميع القدرات ويتعلم جميع العلوم ليتمكن من الاندماج. 
28,19,32,39,46,1,0,0,1,1,حتى سن 12 كنت طفلة مؤذبة مطيعة مرحة و ألعب كثيرا..بعدها بدأت أميل شيئا فشيئا للرسم ومطالعة الروايات الأدبية و الشعر العربي و الموسوعات الفكرية و العلمية  التي تهتم بالأحفوريات  و الحضارات البائدة و علم الفلك  ... كل مرحلة من حياتي الدراسية كانت مميزة جدا و مثيرة لدرجة كبيرة ... مليئة بالخبرات و التجارب الجديدة ..وزادها متعة و بهجة وجود أصدقاء مرحين و محبوبين ...في الثانوية تخصصت في العلوم الرياضية و في الجامعة درست بداية العلوم الرياضية و الفزيائية و الإعلاميات  و في سلك الماستر تخصصت في علوم الكمبيوتر ومعالجة الصور أما حاليا أتابع دراستي في سلك الدكتوراه  و التي أحاول من خلالها تطوير برنامج إلكتروني يساعد في الكشف المبكر عن سرطان الثدي من خلال التصوير الإشعاعي ..كما أنني موظفة في جامعة سيدي محمد بن عبد الله، متزوجة و أم لطفل ...حتى الساعة و بفضل الله عز و جل و بمساعدة أبوي و إخوتي ححقت الكثير من الأهداف المرحلية التي كنت أطمح لتحقيقها .. أما الآن فاطمح إلى إكمال رسالة الدكتراه و العمل كباحثة في علم الفلك ..حياتي الدراسية تخللتها العديد من الأنشطة الموازية كالانخراط و العمل في مؤسسات جمعوية و حقوقية و سياسة بدأ من الجمعيات التي تهتم بالطفولة و مرورا بالجمعيات التي تهتم بالمرأة و الأسرة  ثم العمل النقابي و الحزبي ..في صغري غنيت  في فرقة موسيقية للأطفال حتى سن الثامنة ..و في المرحلة الاعدادية عمل كمساعدة خياطة للملابس التقليدية والعصرية ..ثم بائعة للملابس الجاهزة ..ثم كمبرمج للمواقع الالكترونية ، و عملت كمدرسة في حصص الدعم لمادة الرياضيات المستوى الإعدادي و الجامعي ، ثم كمدرسة مؤقتة لمادة الأعلامية في كلية الآداب ضهر المهراز
24,11,37,42,44,0,0,1,1,1,"خلال حياتي ، مررت بالكثير من خيبات الأمل ولكن أيضًا الكثير من النجاح. زوجة محبة وثلاثة أطفال كبار في طريقهم إلى النجاح إن شاء الله. مع تقدم العمر وتراكم الخبرات ، وصلت إلى مرحلة أشعر فيها بمزيد من السعادة والرضا عن وضعي على الرغم من أنني أقول دائمًا لنفسي أنه مع القليل من الكسل والكثير من الجدية كنت سأكون أفضل. لكني أعتقد أن هناك الكثير من المكابح النفسية التي أوقفتني ومنعتني من فرض إرادتي في بلدنا وفي مجتمعنا. وهذه المكابح تنبع من التربية الأسرية التي كانت لدي والقيود الاجتماعية التي فُرضت علي كطفل ثم كشاب ، ساهمت في عدم تطوير مهاراتي في مجالات أخرى مثل السياسة أو الفن. وأشكر الله أنني لم أنحرف لأن الطفل في الظروف التي عشت فيها يمكن أن يدمر حياته بسهولة. 
"
29,12,44,41,49,1,0,1,1,1,"4بسم الله الرحمن الرحيم كل انسان على وجه الارض له تجربة في حياته فمثلا انا عندما انتهيت من الدراسة اتجهت الى ميدان العمل فاعليات أشياءا اخرى منحتني تجربة مهمة في فهم الحياة بصفة عامة فالحياة العملية تختلف كثيرا عن الحياة الدراسية .
"
20,25,29,35,34,0,1,0,1,0,يكون طول الأسبوع سبعة أيام رغم أنه لا أصل فلكي لهذه المدة. ولكن هناك اعتقاد بأن تقسيم الأسبوع إلى سبعة أيام مرتبط بأمر الدين، ومأخوذ منه، وله تعلق بأخباره وأحكامه. قال شيخ الإسلام ابن تيمية: فكل أمة ليس لها كتاب ليس في لغتها أيام الأسبوع، وإنما يوجد في لغتها اسم اليوم والشهر والسنة، لأن ذلك عرف بالحس والعقل، فوضعت له الأمم الأسماء، لأن التعبير يتبع التصور، وأما الأسبوع فلم يعرف إلا بالسمع، لم يُعرف أن الله خلق السموات والأرض وما بينهما في ستة أيام ثم استوى على العرش إلا بأخبار الأنبياء الذين شرع لهم أن يجتمعوا في الأسبوع يوما يعبدون الله فيه
27,22,37,37,34,1,0,1,1,0,"يمر اليوم واشعر بعياء كبىر ولكن الحصيلة ليست بلجيدة لاننا مظطرين للقيام بعمل الاخرين لنكمل عملنا نفص في الاخلاص في العمل
حتى من ىغمل هناك نقص في المبادرة
عالم كتر فيد الكدب من اجل الوصول

"
25,27,36,36,42,0,1,1,1,1,بخصوص العمل اعمل عملا روتينيا له منفعة على المجتمع لكن لا يندج ضمن الطموحات التي طمحت لها وأما بخصوص الدراسة ليس لدي تصور جازم حول الدراسة في فاس لكن لدي تصورات حول سكان فاس 
24,22,34,34,41,0,0,0,1,1,لا بد من تغيير شامل للتعليم الجامعي خاصة وبالتعليم بصفة عامة، باعتماد الإنجليزية عوض الفرنسية للانفتاح على الالم عوض الانغلاق على فرنسا، وبربط التلميذ والطالب بمجتمعه عبر اللغة والتاريخ حتى لا يتم استقطابه وتسخيره خارج بلاده، وبتسخير التعليم والبحث لحل المشاكل داخل المجتمع والإدارة والمصانع والمزارع
22,40,25,32,25,0,1,0,0,0,"أشعر بالتشويش و الفشل أبذل جهدا جبارا مقابل القليل من الاحترام و القليل من تقدير الآخرين لي أرى نفسي في عيون الآخرين أريد أن أتحرر من الآخر و أصبح أنا بكل عيوبس و كل ما ينصني أتمنى لو أحصل بقدر ما أجتهد 
رأسي مليء بالكثير من الأفكار سلبية ماشي أحلام و حسرة لا أستطيع النوم بهدوء أبدا أصبح الأرق روتيني "
35,31,33,30,37,1,1,0,0,0,"أشعر أن حماسي ليس منتظما، أحتاج عادة لتغذيته.
عموما أفصل شعوري عن معاملتي للأشخاص المحيطين بي في كل من الدراسة و العمل، لكن هذا التصرف يزيد من الضغط الذي يدفعني للعزلة."
21,36,32,30,28,0,1,0,0,0,"تجربتي الدراسية كانت تجربة جميلة رغم انها اترث في نفسيتي حيت اصبحت عصبية بسبب معاناتي المادية من جهة و النفسية لانني اتاثر بسهولة وادرس بجد
بالنسبة للعمل لازلت جديدة فيه احس بالخوف من المسؤولية واخاف كما اشعر بالخجل من المسؤولين و رفقائي في العمل لانني افتقد للخبرة و لا اعطي لنفسي قيمة اعرف انني خاطئة في السير على هذا النهج اتمنى ان تتغير شخصيتي واصبح قوية "
32,21,39,28,33,1,0,1,0,0,"سأنطلق من تجربتي في دراسة التكوين التي كانت سببا لي في تغيير المكان والحياة الأسرية، وخلال فترة التدريس تم تغيير حتى الأفكار المغلوطة فالمزيد من العلم والدراسة يشعرك أنك لم تكن على علم بعدة أمور ومن الممكن كانت الأفكار خاطئة ولا أساس لها، لهذا حتى في الجانب التعبدي نجد أن الله سبحانه يعبد بعلم لا بجهل  مما ينير لك طريقك ويبين لك الدرب الصحيح الذي يجب عليك السير فيه وكل هذا طبعا لأن العلماء المدرسين أكفاء ونبع العطاء للعلم وخاصة العلم الموصل إلى طاعة الواحد الأحد فهم اختيار الرحمان نسأله سبحانه أن ينفعنا بعلمهم وينفع بهم.فالواجب هو الكد من أجل الوصول إلى مرتبة العلماء المذكورون والممدحون في القرآن والسنة.""ومن رام العلا من غير كد أضاع العمر في طلب المحال""."
22,17,27,25,33,0,0,0,0,0,الدراسة تجعلني أحس بالمسؤولية، تبعدني عن الروتين، تجعلني نشيطة عندما تزداد معلوماتي و أتعلم اشياء جديدة و تساعدني في أن أصبح عملية و فعالة في مجتمعي و محيطي كما تغذي افكاري و تنعشها. فأنا نفس الوقت أحضر مستقبلي و أتعلم ان اكون اجتماعية و اخرج من عزلتي و انطوائي
28,39,39,22,38,1,1,1,0,1,كانت تجربة مهمة جدا في حياتي حيث انني تعلمت الكثير من دروس الحياة فضلا عن المعرفة التي اكتسبتها في تعلم كل ما يخص مجال الاقتصاد و التسويق على وجه الخصوص مما ساعدني على وضع حجر الأساس للطريق الذي رسمته لنفسي 
20,22,35,41,41,0,0,0,1,1,لقد بدأت الدراسة في المعهد منذ أسبوع لكنني لازلت متوترة بسبب الدراسة لأنني كنت في رخصة وفاتني الكثير من الدروس ولم استطع حتى الآن أن استدرك ما فاتني من الدروس لكثرتها وضيق وقت الفراغ وكثرة انشغالي لهذا احس بالإحباط والعياء وما اتمناه الان هو أن استدرك ما فاتني لارتاح
21,24,28,26,39,0,0,0,0,1,الجامعة ليست كما تخيلتها ليست تلك الحياة الوردية التي رسمتها في ذهني عندما كنت في الثانوية. لم يقل لي أحد أن التأقلم في العام الأول صعب لهذه الدرجة. إن مواد الجامعة تشعرنا بالغباء بالرغم أننا كنا من المتفوقين 
28,32,33,29,39,1,1,0,0,1,تجربتي الجامعه من أفضل التجارب التي مررت بها ،فقد فهمت أشياء كثيرة عن الحياة ،فالحياة قبلها كانت غير ناضجه ،كنت صغير بافكار صغيرة ، ولاكن الان أصبح تفكيري مختلف ،فأنا أدرس الهندسة وأري نفسي في المستقبل أحد أكثر الشخصيات تاثيرا في هذا المجال ،لحبي فيه واريد أن أفيد الجميع بخبرتي في هذا المجال. 
25,29,38,36,37,0,1,1,1,0,درست لمدة ٧ سنوات في جامعات مختلفة، تعلمت منها الكثير رغم أنها كانت صعبة لحد ما خصوصا السنوات الثلاثة الأخيرة التي أنجز فيها بحثا متعلقا بالرياضيات التطبيقية، لكنها تبقى تجربة مهمة في حياتي لأني عشتها خارج وطني واستفدت منها الكثير سواء على المستوى الدراسي أو على المستوى الإجتماعي. 
21,28,40,30,33,0,1,1,0,0,"تهيج نفسي بالحنين لعدة ذكريات ماضية كان لها الأثر الطيّب في حياتي، ولا أبالغ إن قلت أن هذا الأثر قد امتدّ لتشكيل هوّيتي وما أنا عليه اليوم.
غير أن رأيي استقر أخيراً على وصف مشاعري إزاء تأمل الكون بسمائه وصعيده، وإن كان بشكل مقتضب، حيث أن هذه التجربة تعتبر إلى اليوم بمثابة المنفذ الذي لا ألبث أعود إليه كلما تشتتت أفكاري، وارتبكت نفسي، وحزبتني الأمور، فأجدني على أثر ممارستها منشرحة الصدر، مغتبطة الفؤاد، وقد استعدت نشاطي، وجددت نفَسي لمواجهة الحياة، على غرار الإحساس الذي يغمرني حال أداء شعيرة الصلاة لله.
إنّ السرور الذي يكتسح قلبي، والسكينة التي تغمره، كلاهما يتمخض عن تأمل ملكوت الله الذي ما ترك موجوداً إلا وضم في تفاصيله آثار قدرة الخالق، وبديع صنعه، وبهاء خلقه..آثارٌ دلائلُ على الخالق الذي أعطى كل شيء خلقه ثم هدى. والروح الإنسانية، بما هي فرعٌ عن كلمة الله وأمره ، لا تملك إزاء هذا الجمال والإبداع إلا أن تستسلم له متأملة، متعبّدة معتبرة، فتسكن بعد اضطراب وفزع، ويلملم شعثها من جديد، وكيف لا وقد عادت لمصدرها وأصلها؟!"
26,25,43,28,47,0,1,1,0,1,أنا شخص شغوف محب للحياة، محب للمساعدة و التعاون مع الآخر. أرى الأشياء من جانبها الإيجابي و لكن هذا لا يمنع من الوقوف على الأمر الواقع كلما تطلب الأمر حزما لمعالجة مشكلة أو الخروج من ورطة بحيث أحاول تهدأت نفسي ما أمكن فبدون الهدوء لا أجدني منطقيا في التفكيرا أو ذو نجاعة في مواجهة المصاعب.
26,22,42,32,35,0,0,1,0,0,"حياة غريبة .. باختلاف الطباع .. و تغير الشخصيات كتغير الحرباء .. اصبحنا نعيش ازمة ثقة . .. كيف لمن يملك قلبا طيبا .. صاف ..نقي. . محب للخير و محب للجميع .. ان يعيش وسط كل هذه الفوضى .. ما الحل يا ترى؟ ماذا عسانا ان نفعل ؟ .. انكمل المسير و نتقبل الواقع .. أم نقوم بالتغلب على هذا الطبع فننجرف مع ذوي القلوب الخبيثة القاسية .. 
هي محموعة تساؤلات ليس لها نهاية .. يضج بها عقلي .. و يشعر بها قلبي .. لا اجد لها جواب يشفي غليل محرك دماغي.. "
22,15,33,40,42,0,0,0,1,1,أحس بالقليل من التعب، أسبوع حافل، لكن في نفس الوقت راضية عن سير الأمور ووتيرة إنهائي لكل النقط في لائحة المهام لهذا الأسبوع. الجو المشمس أيضا يساعدني على الحفاظ على إحساس إيجابي و متفائل على العموم. على العكس من الجو الغائم الذي كان سائدا في الأيام السابقة.
27,33,35,36,42,1,1,0,1,1,الجامعة أعطتني فرصة الانفتاح عن أفكار جديدة و إعطاء فرصة لنفسي للتعرف عليها. لكن دائما ما أشعر أنني أعيش حيوات مختلفة، فأنا جد متحفظة حول أفكاري و حياتي الشخصية في القسم لأنهم  يسعون دائما إلى تصنيف الناس الى فئات و أنا لا أنتمي إلى أي فئة، أنا فقط بالطريقة التي أنا بها، لكن العيش بينهم يدفعني إلى الإحساس بالإضطراب و لا يعطيني الرغبة في تمضية الوقت بالجامعة و أتعب نفسيا.
36,23,28,35,42,1,0,0,1,1,أظن أني شخص لديه طموح كبير، أرغب في أشياء ليس من السهل بلوغها، هي ليست أشياء مادية بالضرورة، بل هي غالبا معنوية وقيمية. أراني أحيانا أناقض نفسي وأحمل الناس ما لا أحتمله بنفسي، وأراني أحيانا منسجما مع نفسي أعرفها وتعرفني 
29,8,42,44,47,1,0,1,1,1,"لا بد من الصبر والمتابرة والعمل الجاد لنيل الاماني ومن الاقوال التي تعجبني إعمَل وأَتعِب قدماكَ فإن تعِبتا قَدَّماكَ.
في جميع مناحي حياتي توجد صخور وحواجز في صفة آدميةٍ تمنع تحقيق المراد بدءا بالعمل المليء بأعداء النجاح والمتبطين امتالهم لا تعر لهم اهتمامك وامض قدما وقل سلام عليكم "
21,26,27,28,36,0,1,0,0,0,تمر أيامي رتيبة دون جديد وفي لحظة تنقلب الموازين واجدني في نفس الاختبار حائرا تائها بين جديدين متناقضين كل واحد يفتح له منعطفا جديدا مخالفا تماما للآخر وتمر ليالي الحيرة وتضيع الفرصة  أو الفرصتان لاعود  إلى رتابتي تعرفني واعرفها 
22,17,34,31,33,0,0,0,0,0,ان  الدراسة في الجامعة  أو  أية  مؤسسة  أخرى   ليس  الهدف منها  فقط  الحصول  عل الشهادة  من  أجل  الحصول على  الوظيفة  وإنما الهدف  من  الدراسة  هو  محاربة  الجهل  بماهية  الحياة  واندماج  داخل  المجتمع  ومعرفة  كل شيء  يسعى  إلى  إسعاد  الناس  وتكوين  الشخصية  الفعالة في  المجتمع.
22,31,37,32,28,0,1,1,0,0,"
أعيش كل يوم و أنا على أمل أن يكون لي أثر طيب بعد مماتي ..
أعيش بالامتنان إلى الله تعالى ..
ممتنة لأنني بصحة وعافية
متنة لأنني إذا جعت وجدت طعاماً ، وإذا تعبت نمت براحة ..
ممتنة لأني مؤمنة أصلي لله وألجأ لله ..
ممتنة لمستوى الذكاء الذي وهبني إياه الله ..
ممتنة لأن لدي كل ما ييسر حياتي .."
27,15,35,38,37,1,0,0,1,0,"يستطيع الإنسان تقييم ذاته نسبيا عبر إخضاعها للمساءلة، ولعل هاته الطريقة التي تمت بها الاستمارة واحدة من العوامل المساعدة على ذلك، إلا أن الأمر لا يتجاوز حد النسبية بأي حال من الأحوال، ففي الوقت الذي يجد نفسه قادرا على وضع نفسه في خانات محددة المعنى والصفة، تأتيه خواطر ومواقف تجعله يدرك بأنه هو نفسه كائن تتغير ردود أفعاله ومواقفه بحسب الحالة التي يجد نفسه أمامها.. فقد يتذبذب كثيرا في نهاية المطاف بين الوسط فلا تكون إجابته شديدة الدلالة، أو يؤثر الاختيار فيترك الأمر مفتوحا لتقدير الحالة العامة.. 
شكرا، وبالتوفيق. "
27,36,31,34,37,1,1,0,1,0,تجربتي في مجال الدراسة كانت مثيرة، بحيث مررت من محطات مكنتني من اكتساب قوة وفهم ان الحياة ليست بابسهلة، ودخولي لمجال العمل تبين لي انه ان لم تلملك الجرأة الكافية واليقين بان الله قادر ان يعينك أن توكلت عليه فلن تنجح. 
25,24,37,33,32,0,0,1,0,0,"احب الدراسة ولا امل منها ابدا  أحلامي لم تتحقق بعد على المستوى الدراسي. لكن لن استسلم ساقاوم ساجتهد إلى أن أصل إلى هدفي.  صعوبات كثيرة لكن ساتجاوزها  سأصل وسيتحقق هدفي  بمشيئة الله
   الايام جميلة  لكن الوقت يسرق أحلامي 
لكن سوف اخققها رغم الصعاب 
"
20,26,38,31,35,0,1,1,0,0,الدراسة بالجامعة تجربة رائعة رغم الضغوطات التي تمر بها خلال فترة الدراسة لكن في المقابل تتعلم الكثير من الدروس كالاعتماد على النفس ، التعامل مع شخصيات مختلفة، الشجاعة ،الثقة في النفس و عدم الثقة الكلية في الاخرين،وأخيرا العمل ،و الامل
27,29,34,36,35,1,1,0,1,0,"كان حلمي الوصول إلى هدف معين في المجال الدراسي لم اتوفق إلى تحقيق الحلم كله لأسباب أسرية...
لكن حققت جزءا منه واتمنى ان اغلب على الظروف و ان اصل الى الهدف المنشود.
عموما سعيدة إلى ما وصلت اليه إلى حد الآن. بفضل الله وجوده وكرمه
"
30,18,35,34,37,1,0,0,1,0,الحمدلله .. دراستي بجامعة العلوم و التقنيات لعا وقع خاص على شخصيتي حاليا . بفضل المولى اولا و تقديري لنفسي اكتسبت مهارات على المستوى التقني و الشخصي اللذان يميزاني الآن بعملي.. مهارات اكتسبناها تأهلنا للتألق بعملنا و المثابرة ..
21,28,40,37,37,0,1,1,1,0,"لطالما كنت أردد البيت الشعري لصاحبه أبو البقاء الرندي 
لكل شئ إذا ما تم نقصان   فلا يغر بطيب العيش إنسان
كنت أتفهمها و أتقبل نكسات الناس و أتفهم لكن لم أتوقع يوما أن تكون صعبة على صاحبها إلى أن جاء اليوم الذي أصبت فيه بعته الانتكاسة حقا إنها صعبة أن تكون في القمة ثم تنزلق نحو السفح"
26,23,40,23,32,0,0,1,0,0, تطلعاتي في الحياة جد مرتفعة لكنني لا اعمل على تحقيقها انا في حاجة ماسة لبيئة و محيط يدعمني و يعنيني على الخروج من منطقة الراحة لانني امتلك كافة مقومات النجاح ينبغي ان احدد اهدافي بدقة و ان اسعى لتحقيقها وفق اجل محدد بدل الاستمرار في التسويف و التاجيل 
21,15,38,25,33,0,0,1,0,0,انا شخص متفاءل بالحياة موقن بحضور الله و سماعه لي في كل مكان و كل زمان اجتزت صعابا قد لا تكون الاسوء بالمقارنة بالآخرين ولكن جعلتني اكبر و اتطور واكتشف ذاتي و ما انا قادرة على فعله وتجاوز مكتسبات خاطئة ناتجة عن محيطي الضيق راضية عن مساري وأشعر بالتفاؤل و الحب لاتمام الحياة مع عائلتي راجية هدى الله للتطور و الوصول بنفسي إلى أرقى نسخة منها على كل المستويات نافعة بي أسرتي ديني مجتمعي. 
28,21,42,30,34,1,0,1,0,0,"قدر الله جعلني أعمل في ميدان متعب و لكن رؤية السعادة في وجوه الأطفال يجعلني سعيدة حبهم لي تجمعهم علي كأني أملك الدنيا بيدي
تدريس اطفال في وضعية إعاقة شئ صعب على جميع المستويات و عندما ترى النتائج في ما تقدمه فتلك سعادة مافوقها سعادة "
22,22,34,28,30,0,0,0,0,0,في هذه الأيام أحس بنفسي مبعثر، بين مهام معلقة و بين وفاة قريب حديثة، فأجدني أتوقف كل مرة لأتكلم مع نفسي بعبارات عميقة عن الحياة و كأني أحتاج إلى فترة التعمق و التحليل في الحياة... شرط أن أعود فأجد محيطي مرتب يفتح لي المجال لبداية جديدة نوعا ما. 
32,19,32,38,38,1,0,0,1,1,الحياة كتجربة كتابة إن لم تعشها فإن المخاض لن ينتظرك، بل سينتهي إلى ولادة جديدة. هكذا إذن لو كان لي أن أعيش حياة ثانية لاخترت نفس الطريق ولسرت حيث مررت دون حزن عن ما فات ولا التفاتة تروم تحصيل شفقة أحد مهما كان وتحت أي ظرف.  
33,25,34,36,40,1,1,0,1,1,مسيرتي الدراسية لم تكن موفقة ولم كما كنت احلم لا اعرف ان كان تقصيرا مني أو عدم دعمي نفسيا لمعرفة ميولاتي الدراسية وهذا يدفعني لتفكير هل اتحمل المسؤولية الكاملة ولا ادري ما هو مجال تخصصي حقا
31,27,38,29,42,1,1,1,0,1,عادة أكون هادئا لكني سريع الغضب وسهل الاستفزاز وهو أمر يجب تغييره خاصة أن التدريس الجامعي خاصة في كلية الحقوق يفرض عليك التحلي بأقصى درجات ضبط النفس و الكثير من الصبر. 
24,36,33,31,41,0,1,0,0,1,من الصعب الحديث في شيء غير محدد. في ما يتعلق بتجربتي الجامعية أعتقد أنها كانت مفيدة إلى حد ما. كان من الممكن أن تكون الفائدة أكبر لكن علينا الاعتراف أن جامعتنا لا تتوفر على تقاليد تؤهلها لتلعب أدوارا أهم إزاء طلبتها والمجتمع. أتمنى لك (أو لكم) كل التوفيق. تحياتي.
27,23,42,39,49,1,0,1,1,1,قد تكون التجربة و الحالة التي تطغى على خاطري و عقلي هي تجربة الجامعة ، إذ أنها المكان المقدس في نفسي و الذي يدعوني كل ركن من أركانه إلى هيبة العلم و الإستسلام التام له.. أذكر تفاصيل دقيقة قد تكون عابرة لدى الآخرين و لكنها عندي أنشودة نقشت أبياتها على قلبي نقشا أصيلا ، حتى صارت الماضي و الحلم و الحياة التي أتمنى العودة إليها. 
19,20,38,34,36,0,0,1,1,0,الدراسة بالجامعة هي العامل الأساسي في تحرير النفس من قيود العزلة والخجل الى الانفتاح كما أن الدراسة بالجامعة هي مجال للابداع والتحصيل العلمي الجيد باعتبارها مجال للبحث  والسعي وراء الاكتشاف
26,26,31,30,40,0,1,0,0,1,رغم خيبة الأمل الكبيرة في تجربتي الدراسية خصوصا أثناء تحضير الدكتوراه، إلا أنني لم أندم على اتخاد هذه الخطوة، بسبب تأثيرها المباشر و غير المباشر أيضا على تغيير نمط تفكيري و طريقة نظري للعالم و التي لا زالت تتطور و تتغير في انتظار مستقبل أفضل و أسعد.
28,29,30,33,38,1,1,0,0,1,الخوف من المسقبل بكثرة التخمينات والشعوربالتقصيرفي المسؤلية اتجاه دور الفاعل الاجتماعي و البحث العلمي والنضال على المستوى المهني وحمل هم الاخرين والمشاركة في حل مشاكلهم وخصوصا المقربين مني بااضافة الى ربط سعادتي بالاخرين وحب التفوق والطموح الى الشخصية المثالية والخوف من الاخفاق في التجارب
26,23,38,30,36,0,0,1,0,0,كثيرا ما تثير اهتمامي المواضيع المتعلقة بعلوم التربية وفهم الذات وفن التعامل مع الاخرين.. هذا الشغف دفعني الى اعادة التسجيل بالكلية لدراسة علم النفس والتخصص فيه مستقبلا .. هذه التجربة شكلت منعطفا خاصا انعكست آ ثاره ايجابا على حياتي الشخصية والعملية والأسرية .. حيث غمرتني السعادة وأنا أدرس ما أحب .. استمتعت بكل جديد أستطيع من خلاله ان افهم نفسي ومن حولي أكثر فأكثر .. أصبحت أكثر تفهما لاحتياجات ابني وتلامذتي ولخصوصيات المرحلة التي يمرون منها.. أكثر معرفة بأنماط الشخصيات السوية وغير السوية ..  أكثر ادراكا لدوافع السلوكات التي تصدر عن الاخرين ..   
33,19,39,40,47,1,0,1,1,1,"أقبل على  العمل وأنا  سعيدة... إذا  أحسست أن مزاجي سيئا  اسارع إلي معانقة أمواج  البحر... أو الكتابة... أو قراءة ما يسليني أو الخروج في  نزهة مع صديقتي  لتجديد طاقتي... 
الحياة حلوة و تستحق أن  تعاش  بحب فلماذا نسمح  للاحزان باقتحام عالمنا الجميل... ؟"
26,17,36,34,38,0,0,1,1,1,"لقد تأكدت لدي فكرة أن الحياة قاعة امتحان كبيرة يجتاز فيها الناس جميعا اختبارات مستمرة ومتوالية وأنا أشعر بأنني لم أشتغل في بعض المواد كما ينبغي وفي البعض الآخر ربما أكون قد توفقت أكثر. أنا الآن في الأشواط الأخيرة من الامتحان، أرجو أن تكون أعمالي الختامية أفضل بكثير من أعمالي الماضية. فلا أدري متى ينتهي الامتحان بالنسبة إلي وتجمع صحائفي ثم تصحح وتعرض علي النتيجة.
أشعر بأن رحلة حياتي كانت قصيرة جدا ولكنها حاسمة في تقرير مصيري في الحياة الأبدية التي تنتظرني. وبالرغم من تقصيري في أداء الامتحان فإنني مطمئن إلى رحمة الله عز وجل، كوني عشت لا أشرك في وحدته وأحسست دائما برعايته وحكمته في الأزمات التي مرت بي، ولذا لن يتخلى عني يوم الحساب."
28,22,36,29,33,1,0,1,0,0,تجربتي الجامعية كانت من اروع و اجمل تجربة مررت بها لحد الان. كانت تجربة رائعة بكل مقايسها الحلوة و المرة. كانت لها تاثير كبير على شخصيتي و على مسيرتى وايضا على محيطي، بحيث اكتسبت العديد من الافكار الجميلة و المختلفة التي غيرة نظرتي الكثير من الاشيء التي مكنتني من معرفة ما يريده شخصي و ما يجعلني راضية و سعيدة، كما مكنتني من التعرف على اشخاص بصمو وجودهم في حياتي. 
27,20,32,22,31,1,0,0,0,0,هذا الاسبوع كان حافلا بالمتحانات. التي لم اتمكن من اجتيازها كما تصورت. فاصبت بخيبت امل و احباط مما جعلني احزن كثيراً، لكن لطالما تجاوزت هذا الحزن و اعقاد العزيمة و اراد جديدتن في التحصيل في الامتحانات القادمة
24,24,32,33,38,0,0,0,0,1,"تجربتي في الجامعة كانت جيدة الكثير من الاحلام و العمل و المثابرة فيها طورت جانبا من شخصيتي المستقلة الواعية بداتها و طموحاتها.
في العمل جربت الكثير من الاماكن و الاعمال لا احب الروثين و اسعى دائما لتعلم الجديد و التمكن من ما اقوم به.
اسبوع مليئ بالاحداث في خضم تغيير على المستوى الشخصي."
15,29,41,38,33,0,1,1,1,0,"خلال فترة الدراسة تعلمت كيف اكون انسانة اجتماعية منفتحة على الكل بالمشاركة في الحملات التطوعية والأعمال الخيرية نظرا لما تمنحني من طمأنينة البال وراحة نفسية و تبعدني عن ضغوطات الدراسة التي اتسمت بصعوبتها. ولكن تبقى من احسن الفترات في حياتي حيث إبتعدت عن اهلي و ابتدأت اتحمل مسؤوليات اكبر و اتعرف على نفسي اكثر و اتعرف على قدراتي و مخاوفي ، كونت صداقات جديدة و تعلمت الصبر . كنت عصبية ولكن نقية القلب يعني مافي قلبي علي لساني و حتى عصبيتي كانت مبررة و ليست من فراغ ..لا احب النفاق و احب أن أتقن اي عمل وكلت به ملتزمة بمبدأ ""رحم الله من عمل عملا فأتقنه"". وعليه فشخصيتي التي انا عليها اليوم تكونت في هذه الفترة."
26,29,34,33,46,0,1,0,0,1,"أنا اشعر بالملل بسرعة ,اسعى دائما للبحث عن التعلم والجديد و الابداع و التخيل، افضل الأوقات هي التي أقضيها في عالمي الخاص اتعلم وأبدع، و احسنها هي التي أستطيع أن أبلغ فيها ما تعلمته للآخرين. لكني فوضوي وأشعر احيانا بعدم القدرة على مواجهة الضغوط"
33,23,43,44,42,1,0,1,1,1,"العمل هواية يجب أن نستمتع بها.
الأسرة عبارة عن مجموعة من أشخاص مفروضين علينا ولكن لديهم احتمالية أكبر لأن يكونوا شبهنا.
المهاجر طائر يسمح بمزج الجينات والثقافات والعلوم. بدونه، يكون الجنس البشري في خطر الانقراض.
أحب القراءة والدراسة لدرجة أنني جعلتها مهنتي وعملي.
لن أتمكن أبدًا من القول إنني أعرف لأنني أكتشف مع كل خطوة أنها معرفة قليلة جدًا.
إذا كنت لا تعرف حتى لماذا وضعنا نقطة أو نقطتين أو ثلاث نقاط على الحروف، فكيف تسمح لنفسك أن تقول أنك تعرف اللغة العربي؟ "
23,12,38,33,36,0,0,1,0,0,بحكم صغر سني، أريد تحقيق عدة أشياء على المستوى الدراسي أو المهني و على المستوى الشخصي. أنا لست من اللذين يضعون الخطط، أحب تقرير الأشياء في وقتها. لكن على الرغم من كل هذا أرى نفسي أنني دائما ما أتخذ القرار الصحيح و أسير كذلك في الطريق الصحيح.
34,20,37,38,43,1,0,1,1,1,الحمد لله الذي بنعمته تتم الصالحات.  نجاحاتنا في العمل في البيت في الاسرة كله يتم بتوفيق و تسديد من الله سبحانه وتعالى. نسال الله سبحانه وتعالى ان يرزقنا القوة والصبر والثبات على انجاز كل مهامنا وتادية مسؤولياتنا على احسن وجه ويجعلنا لبنة لبناء هذا الوطن وليس معولا يهدم ما بنى الاخرون. فاللهم يارب وفقنا في عملنا واجعله عملا موفقا وبارك لنا في عملنا واجعله عملا مباركا طيبا.
22,20,36,35,35,0,0,1,1,0,"مساري الدراسي كان مليئا بمشاعر وأفكار مختلفة أثرت سلبيا وإيجابيا على شخصيتي، بين القلق والثقة في النفس، بين الاستسلام والمثابرة، بين التشاؤم والتفاؤل ....
بصفة عامة، كل التجارب التي مررت بها خلال الدراسة كانت مصدر 

 "
27,22,36,30,36,1,0,1,0,0,"مكنتني الجامعة من معرفة شخصيتي بشكل أدق و على تطويرها، كذلك، لعبت البيئة الجامعية دور في اكتسابي مهارات التواصل.
لكن لازال هناك بعض المقاربات المعتمدة في البيداغوجية والتي لها أثر سلبي على صحة الطلبة سواء البدنية منها أو النفسية. وكذلك يجب إعادة النظر في علاقة الأستاذ والطالب.
أمر حاليا بظروف متوترة بعض الشيء، لكن أحاول جاهدة أن لا يؤثر هذا التوتر على مزاجي اليومي.
الله المستعان "
18,28,39,29,29,0,1,1,0,0,الجامعة هي المرحلة الاطول و الاكثر اهمية حيث انها الاعوام التي تقرر مصير حياتك و فيها تتعرف على اصدقاء العمر، في هته المرحلة اكتسبت الكثير من المعارف و الاصدقاء الجدد غير اني افتقدت في الاونة الاخرة  الى العزيمة و شغف الدراسة ، اصبحت ارى ان هته الاعوام لا تنتهي و ان قلقي يزيد يوما بعد يوم 
23,29,29,32,38,0,1,0,0,1,"كنت أعمل كموظفة براتب جيد جدا و الآن افتتحت اول مشروع بهدف تحقيق الحرية المالية بعد 20 سنة بإذن الله، زوجي يساندني بشدة و اقدر له هذا كثيرا عكس والدي اللذان رفضا الفكرة في بادئ الأمر المشروع يحتاج الكثير من الصبر و المثابرة
احيانا احس بالحوية و اعمل بجد لتنزيل افكار جديدة
و أحيانا (نادرا) اصيب بالخيبة و اتمنى لو انى اعمل عملا بمدخول قار. "
28,13,37,32,37,1,0,1,0,0,"نحن الآن في العطلة الربيعية سعيدة جدا بتواجدي مع أسرتي الصغيرة والكبيرة، خصوصا أنه مر وقت طويل على إجتماعنا اخر مرة بسبب ظروف الحجر الصحي الذي سببه وباء كرونا.
أحس أن الأيام تمضي بسرعة كبيرة ونحن نعيش هذا الجو الأسري الملئ بالمشاعر الطيبة والأطفال مبتهجون يلعبون مع بعضهم البعض "
36,31,37,28,36,1,1,1,0,0,"أؤمن ان شخصيتي تغيرت مع سنين الدراسة والزواج.. أصبحت أكثر نضجا .. اتفهم اختلاف وجهات النظر وأعفي الاخرين من جدالات عقيمة لن تفيدني ولن تفيدهم .. كنتأظن نفسي قوية الشخصية غير أنني غير متأكدة من هذا الان
"
31,31,35,32,40,1,1,0,0,1,"أرى نفسي معجزة من معجزات الله .. فتاة اجتمع فيها ما تفرق في الناس .. علمية التخصص أدبية التعبير فصيحة اللسان طليقة اللسان عميقة الأفكار .. 
أحب فكرة أن يرزقني الله عديدا من المواهب دفعة واحدة و يخلق في روحي دوما الشغف و الرغبة لإنجاز مهام عديدة و خلق فرص جديدة .. 
أحب نمط شخصيتي هذا .. و أسأل الله أن يجعله نافعا للناس"
29,27,35,31,28,1,1,0,0,0,أحس بالتردد بشكل كبيير في حياتي .. لا اتخذ القرارات بسرعة و لا اكون صارمة اذا ماةتخذت قرارا او اقتنعت بموقف او فكرة .. هذا مايجعل كل الملفات مفتوحة في عقلي و قلبي، لا اقدر على اتخاذ المواقف القاطعة، مررت من تجربة طلاق من نرجسي و تعافيت الحمد لله الى ابعد الحدود بفضل الله تعالى ثم والدي ثم بعض المجهود و البحث في التعافي النفسي الذاتي
26,18,39,22,34,0,0,1,0,0,"رغم حبي و تعلقي بالكتابة إلا أن الأمر صعب حينما يتعلق بالحديث عن نفسي أو عن يومياتي أو حتى عن تجاربي .. سأختار التعبير عن نفسي بهذا الثنائي الجميل الذي يجعل من حياتي سعيدة و مريحة  :""التسامح و الحب"" .. لا يمكنني الإستمرار دونهما."
28,33,34,30,35,1,1,0,0,0,تخونني الأفكار، أو بالأحرى لست من النوع الذي يكتب تحت ضروف زمنية معينة بل حسب المزاج و لحظة استلهام، اذن حاليا ليس لدي حاليا ما اقوله و اظن ان هذه الخانة غير ضرورية حسب راي الخاص
28,25,37,36,38,1,1,1,1,1," تمنيت لو أنت اتممت الجامعة لكني بتخصص الحالي او أنني حصلت علي الماجستير وتفوقت ثابرت أكثر 
مرحلة ما بعد الجامعة أو بالأحرى إنعكاس إخفاقي بجامعة العلوم أكثر علي بشكل سلبي وبشدة فقدت حينها ثقتي بنفسي وبقدراتي 
إشتغلت لكن بمفهوم عبودي أدى إلى تدني أكبر بثقتي وتقديري لنفسي 
حاليا انا حصلت علي ديبلوم متخصص وبمرحلة السطاج أحاول كثيرا أن ألقن نفسي الحب والثقة والتقدير وأن أحصل علي عمل 
خلاصتي في 25 سنة أهم شئ يجب أن يبنى عند الفرد هو تقديره لنفسه حبه لنفسه وكذا ثقته بنفسه وإعطاء ذاته كل أنواع الاهتمام والمراعاة 
شكرا لكم "
22,26,33,33,33,0,1,0,0,0,كنت انسانة منجزة وفعالة ونشيطة تفعل أشياء كثيرة وتكتشف العالم بعد الزواج حرمت من كل هذا ولكن مع ذلك أستمتع بتربية ابني ورعاية بيتي رغم بعض الندم أحيانا ،ولكن أومن أن هذا دوري في الحياة وما ينتابني من الرغبة في الانجاز خارج البيت هومحض تأثر بالتيار الغربي
26,25,40,33,32,0,1,1,0,0,أشعر بالألم لحال خالتي أحس بالعجز حيال ما تمر به رغم أنني يمكنني مساعدتها لو قبل والداي. كان الله في عونها و في نفس الوقت لا أدري كيف أتصرف لأساعدها. أسأل الله أن يوفقنا لما فيه خيري و خيرها. 
19,33,33,22,36,0,1,0,0,0,مرت أيام كثيرة لم أشعر فيها بسعادة أو فرح أتذكره، حتى أني كدت أنسى طعم السعادة و الابتهاج .. لكني متفائلة على  الأقل أن شيئا ما سيتغير في المستقبل ، يغلبني طموحي وإيماني أن هناك الكثير من الأشياء الجميلة في انتظاري ما دمت لم أستسلم. 
24,14,41,36,38,0,0,1,1,1,اعتبر نفسي شخصا مر بظروف نفسية واجتماعية صعبة نوعا ما ساهمت في قوقعته وقلة ثقة بنفسه. لكني اشتغلت على نفسي كثيرا وطورتها، فاستعدت جزءا كبيرا من ثقتي بنفسي وتفوقت في اثبات ذاتي على المستوى الشخصي والمهني. حافظت على سماتي الاساسية التي هي الطيبة والتسامح مع نفسي ومن حولي. تجاوزت الماضي وكل من اساء الي. واعتبر اني اعيش في سلام داخلي. واعية بنواقصي في شخصيتي ولازلت اعمل عليها ومتصالحة مع نفسي الى حد كبير
16,36,34,33,32,0,1,0,0,0,مررت باسبوع شاق و مرهق بكل معنى الكلمة مليء بمشاعر الاستياء و الاحباط هذا كل ما نجني للاسف رغم ما نقدم من تضحيات الله المستعان هو اعلم بحالنا و ما يجول في خواطرنا نسأله ان ينير دربنا و يلهمنا رشدنا 
31,27,35,31,38,1,1,0,0,1,انه لمن دواعي سروري ان اقضي هذه العطلة مع اولادي وعائلتي. كان اسبوعا للراحة واعادة ترتيب الاوراق حيت لم اخذ استراحة منذ الصيف الماضي. اتمنى ان اعيد هذه الاستراحة في اقرب الاجال
21,30,34,34,33,0,1,0,1,0,"تجربتي في الجامعة كانت جميلة رغم التعب الذي احسست به فيها بما انني ام و درست بالجامعة لانه كان حلم
كونت صداقات امتدت ليومنا هذا
عدت للجامعة مرة اهري هذه الايان واحس بنشاط و مزاج معتدل خصوصا عندما يثني شخص ما علي طريقة كتابتي للمحاضرات مثلاً "
22,29,27,32,38,0,1,0,0,1,اسبوع مليء بالاحداث ومتعب احس بان ساعات اليوم لا تكفيني بين العمل والالتزامات المنزلية اما عن الدراسة فهي من اجمل مراحل الحياة التي با تتكرر وافكر بجدية ان المستوى التعليمي في الماضي يفوق بكثير المستوى الحالي
29,26,38,32,42,1,1,1,0,1,حاليا انا اعيش صراعا داخليا لعلها فترة و تمر بسلام و مشاعري ممزقة ..اجد متعة في عملي لاني اقوم به بحب و يجعلني اقضي يومي بحيوية و ابتسامة، دراستي بالجامعة لم أكن مجدة بما يكفي.
29,10,41,44,44,1,0,1,1,1,"منذ التحاقي بالجامعة، كاستاذ من اجل التدريس، إلى الآن، وانا ازاول مهمة التدريس والتاطير والبحث، مع زملائي الأساتذة والطلبة، بكل حب واخلاص واريحية وجدية والتزام وطموح..
لقد منحتني تجربة التدريس داخل المدرجات، وتجربة البحث داخل المختبرات وتجربة تاطير التداريب بالمؤسسات الاج تمكينا ذاتيا، واجتماعيا. 
وبذلك، فأنا جد فخور وجد معتز بانتمائي للمؤسسة الجامعية، وأشعر بالرضى عن عملي. واشتغل مع زملائي على مشروع طموح في البحث العلمي.. "
22,28,38,30,32,0,1,1,0,0,لدي الكثير من الاعمال لاقوم بها، ولكن احس انني مترددة و اسوف واماطل، لا اعرف ان كان هذا الاحساس طبيعيا نتيجة التراكمات و الضغوط ام لا. ام ان ذلك كسل و استجابة لوساوس الشيطان
23,19,32,34,39,0,0,0,1,1,أحس بأني امتلك قدرات لم أستطع استثمارها بالكامل سواء في الدراسة او العمل او العمل التطوعي كما ان الظروف المحيطة و الظغوطات الحياتية تزيد من تقييد فرص الاستثمار و التحرر من هذه القيود مع رغبتي الشديدة في الاستفادة مما وهبني الله في إنجاز عدة أعمال تعود بالنفع علي و على محيطي و مجتمعي 
24,20,34,34,36,0,0,0,1,0,احب النظام و الاستراتيجي في العمل مع تحديد أهداف كبيرة مشتركة و هادفة و اطمح الى ترئس فرقة عمل متكاملة متعاونة من اجل المضي قدما بالمنظومة التي انتمي اليها كما اطمح الى تجويد الحياة بنسبة لكل محيطي من انسان و حيوان و طبيعة 
23,22,36,28,31,0,0,1,0,0,"اصبحت احب عملي.
ربما لانني اصبحت اكثر ايجابية.
وهذه الايجابية انعكست على كل نواحي حياتي من بينها الجانب المهني. 
كنت اذهب بمشقة الى العمل. الحين في بعض الاحيان أشتاق لرؤية ابنائي الطلبة."
30,31,40,40,46,1,1,1,1,1,مر هذا الأسبوع حافلا بالمواقف المختلفة منها المثيرة للقلق و منها المفرحة لكن اهم حدث هو رجوع زوجي حبيبي لبيتنا، لاعبر له عن اشتياقي له حضرت له وجبة عشاء يحبها و ابريق شاي على الطريقة الحيانية 
20,23,35,30,32,0,0,0,0,0,تجربتي في الدراسة الجامعية خصوصا بعد أن ولجت أكثر من تخصص جعلتني اكثر عقلانية و حماس لمعرفة المزيد، لكنني و بصراحة أجد نفسي لازلت حديثة عهد بالعلم و أتمنى أن أواصل دراستي و أن أكون أكثر التزاما و نشاطا، خاصة في البرامج التعليمية التي أدرس بها عن بعد، أجد نفسي في حالة من الفوضى في الوقت الراهن ما بين الدراسة و البيت و بعض الأمور الخاصة بالأهل التي تتطلب مني بذل الجهد، أتمنى أن أوفق لتنظيم وقتي و أسأل الله البركة في الأهل و المال و الوقت
17,32,33,23,38,0,1,0,0,1,"يحتاج الإنسان إلى بعض الإرشادات  لتتوضح له معالم الطريق لا يمكن أن يعيش الإنسان دون هدف غياب الهدف و الرؤية يلغي وجودية الإنسان و يجعله كائنا عبثيا ،أنا الآن على أعتاب تحقيق أهداف كنت أرجوها دائما ،ها أنا الآن وصلت إلى هته الأهداف لكني لا أشعر بالرضى  
أظن  أن على الإنسان أن يجعل هدفه بعيد المدى حتى لا يفقد معنى وجوده و الأكيد أن هذا الهدف السامي الذي يجعلني أستشعر مبلغ  كينونتي هو السير إلى الله(إن إلى ربك الرجعى)."
25,37,43,37,42,0,1,1,1,1,عملي احبه و أثابر فيه احب مساعدة الاخرين و ارتاح في ذلك .فيه اجد نفسي و اطمح لتحقيق الاحسن دايما.ما ندمت على امتهانه قط.التقي فيه بالصغار و الكبار و الشيب و الشباب .اخذت فيه تجارب عدة.تجارب مفرحة و اخرى محزنة.ما اجمله من عمل و ما اشبها من مسؤولية.
25,37,42,35,41,0,1,1,1,1,عانيت كثيرا لكي اكمل دراستي خاصة بعد تعييني في الجنوب. و بعد الجامعات عن مركز عملي. لكن بعد مرور 6 سنوات و عدة محاولات للتسجيل في الجامعة لاتمم دراستي العليا. و التسجيل في سلك الدكتوراه و تحقيق حلمي. 
29,25,37,34,42,1,1,1,1,1,"الاسابيع الماضية كانت ممزوجة بالالم، الفرح، النشاط، و الحزن، لكن كان يعمها الهدوء. غالبا لا اجيد التعبير عن مشاعري، اكتفي بالضحك الكتير و العالي و النظر. مررت من احدات سيئة و جميله، هذه هي نكهة الحياة. 
"
23,31,28,29,41,0,1,0,0,1,"العاشرة و النصف مساء، 
أفتح النافذة لأشاهد الشارع ليلا، فإذا بي أراني .. أراني قبل خمس سنوات و أنا أغادر دفئ هذا المنزل لأول مرة، لأتابع دراستي بكلية العلوم و التقنيات بفاس، مزيج من التوتر و الخوف كان يملؤني حينها و الكثير من الأحلام، أمعن النظر، متى مضى كل هذا الوقت، كيف طوينا كل هذه الأيام لأصبح في سنتي الخامسة، شهور و أغادر هذه الكلية، التي عشت فيها هذه السنوات الخمس من المؤكد أنها غيرت معالمنا كثيرا .. و تركت لنا ذكريات ستعيش معنا طويلا قبل أن تندثر .. 
أحب أن أشكر الأساتذة، الأصدقاء و الأرواح الجميلة التي صادفنها في هذه الرحلة .. 
"
18,18,30,33,38,0,0,0,0,1,الدراسة الجامعية بالنسبة لي هي اولى خطواتي في فهم ولو القليل عن الحياة، كذلك يمكن إعتبارها مرحلة نضج فكري، عاطفي، اجتماعي و مرحلة مهمة في الحياة، كذلك تعلمت تحمل المسؤولية و فهم الاخرين و ضبط إنفعالاتي، كما انها كانت سلبية فيما يخص تكوين الروابط الاحتماعية، حيث اصبح الانعزال هو اسلوب حياتي شيئا ما.
26,20,36,37,45,0,0,1,1,1,اه اشعر انني يجب علي ان اه اعود اه الى طريقتي القديمة في تدبير الوقت. كما قلت ما اقصد هنا هو انه انني ارى انه يجب علي ان انام اقسم يومي الى ثلاثة اقسام. الأول اه هو العمل على تدريب اه السنة الدراسية النهائية والقسم الثاني بينما ما هو اكل وتدريبات جسدية والقسم. ثالث هو كل ما ما ما له علاقة اه معلومات جديدة او معلومات اضافية عن الجانبية. معلومات كثقافة عامة او شيءٍ من هذا القبيل
25,17,41,33,33,0,0,1,0,0,أعتقد ان الحياة عبارة عن لحظات يمكن أن تكون جيدة أو سيئة لذا على الإنسان أن ان ينظر دائما إلى الجانب المشرق من الأمور و أن يحاول أن يكون إيجابيا قدر المستطاع إذا أراد أن يكون سعيدا في حياته . هذه نظرتي للحياة
33,37,35,28,43,1,1,0,0,1,الحياة عموما امتحان، لقد خلقنا الله في هذه الأرض لكي نصيب و نخطئ، لكي نفوز و نرسب و نتعلم. الذي يسعى إلى أن يكون شخصا أفضل يوما بعد يوم قد فاز كل شيء بالنسبة لي، بغض النظر عن هفوات الماضي. 
22,31,30,30,32,0,1,0,0,0,"بخصوص دراستي فأنا أحس بنوع من الإحباط و فاقدة للعزيمة و في نفس الوقت ممتلئة كثيرا لتغيير واقعي لقد ضاع مني عام من الدراسة بأكمله و تخليت عن دراستي بكلية العلوم و التحقت بكلية أخرى و كلي أمل أن أغيِّر من نفسي و أحقق بعض النجاح لكني صدمت بواقع غير ما توقعته كل شيء تغير اتضح أنني لم أعد كما كنت في الماضي و أن ذلك ماض لن يعود لم يعد بإمكاني النجاح في أي شيء مهما أردت 
أظن أنني لم أعد أحب التغيير فمنذ ان غيرت مدينتي لأول مرة (عندما انتقلت مع أهلي  للعيش في مدينة أخرى) وأنا أتعرف على مشاعر جديدة سيئة في الأول كان كل شيء يسير جيدا تعرفت على أناس جدد كونت صداقات جديدة وحاولت التأقلم لكن كان اختلاف لون بشرتي يسبب لي المعاناة فهنالك من لم يتقبلني و بعد ان تعرفت على بعض الأصدقاء الذي لم يكن هدفهم فقط صداقتي إنما كان همهم هو يوم الإمتحان من سيساعدهم اصبح اختلافي ضعفي و أصبحت منعزلة عن نفسي لم يعد بالإمكان لأحد أن يدخل ساحتي و بعد ان نلت شهادتي انتقلت الى مدينة فاس لإتمام دراستي لكن لازالت مشاكلي نفسها  العزلة رفيقتي وحتى الكلية التي ذهبت اليها لم تكن ما أوده وكل ذلك العناء الذي بذلته ذهب هباءا و كانت هذه أول خيباتي وحتى عندما غيرت الكلية لم يتغير مابي لم استطع ان ابذل أي جهد رغم كل إرادتي للتغيير"
20,25,37,28,29,0,1,1,0,0,جل الطلبة يعانونن من صعوبة النظام في كليتنا ، هذا ما يزيد الطين بلة . أنا أعاني من القلق المستمر حول المستقبل الذي يجعلني منغمسة في تفكير سلبي يستنزف طاقتي و لا أسنطيع القيام بأي شيء آخر.
24,29,34,31,40,0,1,0,0,1,إنها أول سنة لدي بالجامعة لم أرى أي فرق بينها و بين الثانوية .أرى نفسي أنني قادرة على إكمال دراستي بها إن شاء الله . فهي لم تأثر على شخصيتي قط بل عودتمي على الصبر أكثر فأكثر للوصول إلى المبتغى بإذن الله.
22,21,37,29,41,0,0,1,0,1,بعد بداية اول عمل لي كنت احس بعدم الثقة بنفسي قليلا لكن كنت أحاول دائما أن لا أظهر هذا بعد ذلك وبعد تكني من إنجاز مهام صعبة أصبحت ثقتي بنفسي تزداد كثيرا تغيرت بعدها كثيرا أصبحت أكثر تقديرا لذاتي وأكثر اجتماعية وأكثر فخرا بنفسي وبما افعل 
28,28,31,31,41,1,1,0,0,1,بالنسبة لتجربة في الجامعة فهي بصراحة تجربة جميلة تعلمك كثير من الأمور مثلا أن تعتمد على نفسك في كل شيء ، وهي الفترة التي تحدد لك مستقبلك لذلك عليك أن تعمل بجد كي تحصل على ماتطمح إليه 
27,33,32,29,44,1,1,0,0,1,اشعر حاليا بعدم الاستقرار، و كأنني ابحث عن شيئ لا اعرف حتى ماهيته، ربما نفسي، لربما اي شيئ يبثني بالحياة، كوني لا زلت متزنا رغم شعوري القوي بالاهتزاز الداخلي، ثقتي بالله عز جلاله ان كل شيئ سيمر، فوالله ما أمطرت إلا لتزهر. 
20,27,36,28,32,0,1,1,0,0,تجربة مختلفة تماما عن المدرسة الثانوية حيث يكثر الضغط على الطالب ،مع انني احب التغيير لكن لا أعرف ماذا يحدث ربما الشعبة التي اخترتها او الجامعة لم احبها بصفة عامة ، 
27,31,35,34,37,1,1,0,1,0,انا شخص دائم التفكير يمكن أن بنو آدم  متفقون في هذه النقطة  لكن أفكاري غالبا مغلفة بقالب من السلبية..لدي طموح و أهداف كبيرة لدرجة أنها تخيفني أحياني لكن الفشل دائما مقترن بها فمثلا أقول أريد أن أحصل على معدل جيد في الجامعة..جيد جدا يفوق التخيلات و يتحدى كل من يقول أن الأمر صعب إلى مستحيل...لكن دائما توجد لكن ..لكن ماذا لو....و ماذا لو..و الأصعب أنني مقتنعة أن مجرد اللفظ بالسلبية فسأعيشها أو بشكل أصح سأسير نحوها لأحققها..و الأمر مرهق حقا..ناهيك عن كوني إجتماعيةرغبتي و فطرتي كذلك و لكن في الواقع أنني وحيدة نوعا ما ..و خجولة لا أريد قولها حتى لا أبدأ الصراع مع فكرة أنني خجولة كما كنت أفعل كل يوم منذ 12 سنة..أشعر بالراحة و أنني ربما أعرف من أكون. أتمنى أن يفيدك هذا الإستطلاع في شيء أيها الغريب و أتمنى لك كل التوفيق
15,21,37,25,27,0,0,1,0,0,"في هذه المرحلة من حياتي اعيش ضياعا لم اختبره قط، ليتني استطيع ان اقفز قفزة سريعة إلى المستقبل و أرى كيف سيكون وضعي في حال اتخذت هدا القرار الذي يؤرقني
 سأكتفي بصلاة استخارة.
"
32,8,45,45,50,1,0,1,1,1, تعد تجربتي في العمل امتدادا لتكويني الكاديمي وهي فرصة مميزة لترجمة على  ارض الواقع كل المهارات المكتسبة .وهذا التلاقح يفضي الى بلورة شخصية اكثر تفاعل مع متطلبات سوق العمل.التكوين والتجربة عنصران متلازمان لللابداع افي كل المجالات والتخصصات.
27,30,33,22,29,1,1,0,0,0, الالتزام بالنظام والتخطيط اساسي لحياة اسهل و رغم علمنا بذالك يصعب على بعضنا الالتزام بهما و جعل حياته اسهل فتجد الواحد منا يعيش في توتر مستمر وعشوائية  وفوضى مكتفيا بالتمني و التأجيل ومشاهدة الاخرين. 
36,29,42,40,45,1,1,1,1,1,"أشتغل بجد لكن دخلي هزيل
درست و اجتهدت لككني توقفت عن الدراسة في الإجازة لضروف رغم أن حلمي كان هو الماستر
أحببت لكنه تم التخلي عني بسهووووولة و بدون سبب 
حاولت أن أنجز مشروع لكنني خدلت من جديد 
و أنا الأن جسد يضهر للناس مليئ بالحيوية و الحب و الإحترام و الكل يحبني و يقدرني الحمد لله ، لكنني في حالة اكتئاب لم تفارقني مند صيف 2019 و التي جعلتني أفكر في وضع حد لحياتي و جعلتني أشعر بحزن و ألم يتعصر قلبي  
"
32,34,40,38,42,1,1,1,1,1,تجربتي في الجامعة تجربة ممتازة تعلمت الكتير من التقنيات التي ساعدتني في تنمية قدراتي الفكرية واكتساب مهارات جديدة  التي كان لها الدور في تنمية  و بناء شخصية قوية رغم ضغوطات الامتحانات 
28,23,39,33,38,1,0,1,0,1,انا انسانة طموحة و مجدة لكنني في الوقت الراهن بدون عمل احاول بشتى الطرق الحصول عليه. دراستي و تجاربي العلمية و العملية خولت لي أن أكون مرنة، متوازنة، قادرة على العمل تحت الظغط. 
23,33,38,33,43,0,1,1,0,1,"أنا متعبة الآن ولا رغبة لدي في الكتابة، لكني سأحاول ملئ هاته الأسطر بما تيسر من الكلمات دون غاية أو هدف، فقط بغية إرسال الاستبيان لكم، 
إني صائمة و أشعر بالتعب و أحتاج رخصة إدارية أسافر فيها إلى القرية، لكنهم يحرموننا ذلك بحجة الكوفيد، حسبنا الله و نعم الوكيل.... عيينا والله"
21,30,33,31,33,0,1,0,0,0,"أشعر بالملل و الروتين في الحيات اليومية حيت كل يوم يتكرر و لا يوجد تجديد فالمهام او نمط العيش مما يجعل الشخص يعيش حياة رتيبة محاورها الأسرة (زوج+ أطفال) ، اعمال المنزل و العمل... كما ان هذه الرتابة تؤدي إلى فقدان الثقة بالنفس 
على عكس أيام الدراسة التي كانت مليئة بالانشطة و المرح و ...
ربما تقدم الانسان فالعمر هو ما يؤدي إلى هاد التغير الجذري..."
18,37,36,32,40,0,1,1,0,1,في السابق كنت شخصية هادىة، قليلا ما اتوتر، اشعر بالنقص، لا أثق بقدراتي، أحب ان اكون محبوبة لدى الناس، بعد الزواج، وانجاب الاولاد، تغير كل شيء، اصبحت شديدة العصبية، مزاجية، من الصعب إرضاءي، اعتزل الناس كثيرا ولا اكترث لمحبتهم من عدمها. 
14,24,36,19,24,0,0,1,0,0,وصل إلى علمي يوم الخميس أن أبي مريض جدا، بقيت قلقا لحاله، كانت المشاعر مضطربة بين حزن وقلق وخوف، ثم ازداد الأمر سوءا فجئت لزيارته فوجدته طريح الفراش خائر القوى، لكن حالته بدأت تتحسن ولله الحمد، وربك على كل شيء قدير
20,23,31,39,32,0,0,0,1,0,بصراحة أتمنى أن أصبح يوما ذلك الشخص الذي أحلم به تقيا ذكيا متسامحا ،ولم لا أن أضع بصمتي قبل أن أغادر بصمة تغير البشرية الأفضل ..نعم أدرك جيدا بأن الأمر ليس سهلا ويحتاج إلى الكثير من الجهد وبحث علمي إلا أن رغبة في تحقيق هذا الحلم تفوق صعوبته ،فأسئل الله عز وجل أن يوفقني وإياكم على تحقيق ما نريده وما لنا فيه خيرا لنا ولغيرنا
27,24,38,40,32,1,0,1,1,0,الرغبة المتواصلة في إحداث تغيير على المستوى الشخصي و المادي و العمل على التميز في ذلك في أسرع وقت ممكن. التفكير المتواصل في الأمر متعب جدا و يؤثر على مستوى التركيز و الحالة النفسية المتذبذبة في ظل العمل الممل لدي و التفكير في تغييره.
22,20,43,37,39,0,0,1,1,1,"قد مر هناك زمن طويل لم أعبر فيه باللغة العربية، ربما مند الدراسات الثانوية. لغة عظيمة لم يتسنى لنا التعرف عليها أكثر و التعمق في خباياها.
المهم، شكرا  لاتاحتنا هذه الفرصة."
32,11,34,35,37,1,0,0,1,0,"السلام عليكم
حاولت ان اجاوب على جميع الاسئلة بعد تفكير يسير معتمدا على حياتي المهنية بالاساس, بحكم كوني صاحب شركة خاصة متخصصة في المعلوميات و مديرها التقني (تضم الشركة اكتر من عشرين مهندس و مهندسة)
احاول جاهدا العمل على شخصيتي و تحسين قدراتي في التعامل مع المستخدمين من اجل التأتير ايجابيا على مكونات فريق العمل"
18,14,39,34,36,0,0,1,1,0,مررت بأسبوع حافل بالعمل حيث وجب تقديم مشاريع من أجل التمويل على الصعيدين المغربي والدولي. الحمد لله استطعت إنهاءه المهمة بنجاح وأنا راض عن العمل الذي قدمته. أتمنى أن ذلك سينجح. أتمنى أن أعوض أسرتي على الوقت الذي استغرقته في العمل وكنت غائبا عنهم. 
28,12,41,38,41,1,0,1,1,1,بدأت امارس الرياضة بعد توقف دام اكثر من سنة، لم استطع اكمال عشر دقائق دون ان اتوقف والهث بشكل كبير. ستحتاج الكثير من الوقت والقتالية لاستعادة اللياقة البدنية محددا. سأحاول التمرن مرة في الأسبوع على الاقل.
31,20,38,31,42,1,0,1,0,1, بعد سنوات من الدراسة لن أقول عنها صعبة أو جادة لدرجة المرض، لكن سنوات من المرح و الخبرات، سنوات تبادل للافكار مع الاصغر سنا كما الاكبر سنا. بعد كل هذه السنوات تخرجت و حصلت على عمل خارج الوطن. بالرغم من سعادتي بالعمل و الاجواء و المحيط العملي الذي لا يمكن أن أقول عنه سوى غاية في الروعة، إلا أن احساسي باىخيبة اتجاه ما تؤول إليه بلدي يراودني من فترة لأخرى. فعسى الله القادر المقتدر يبدل حال وطني و أبناء وطني لأفضل حال.
25,17,34,39,44,0,0,0,1,1,"طوال مسيرتي الأكاديمية ، واجهت تحديات وتمكنت من التغلب عليها بفعالية
لقد ساعدني ذلك على إدارة تجربتي المهنية بشكل جيد مع أهداف واستراتيجيات محددة جيدًا
أنا مقتنع دائمًا أنه ليست كل الأحلام قابلة للتحقيق ولكن الرضا عن النفس هو المهم"
32,15,42,35,42,1,0,1,1,1,لقد استطعت بحمد الله مناقشة رسالة الدكتوراه ، كانت تجربة شيقة و في نفس الوقت متعبة لأنه كان يجب علي المحافظة على التوازن بين أسرتي و عملي و خاصة أنني مغتربة. من خلال هذه التجربة تعلمت كيفية تنظيم أوقاتي و إعطاء كل مهمة حقها 
16,27,33,23,27,0,1,0,0,0,طالما اعتقدت انني ذكية و جذابة و لطالما ظننت ان اسلوبي الغريب في التفكير سيجعلني ناجحة ذات يوم. لكن الحياة علمتني ان شخصيتي حجبت عني الواقع فاصبحت كائنة فضائية وسط الناس الطبيعيين. حاولت ان اصبح مثلهم فضللت طريقي. لم اعد اعرف نفسي. لا ادري مذا اريد. ان لم يكن هذا هو الفشل بعينه  فلا علم لي ما هو.
19,27,30,30,29,0,1,0,0,0,نشأت في قرية صغيرة جنوب المغرب مند صغري وأنا اعتبر نفسي سريع البديهة والتعلم في الاشياء النضرية عكس الاشياء التطبيقية... شخصيتي تاترت كتيرا بالمسار الدراسي الطويل فقد شهدت تجادبات كتيرة مابين ما هو تقليدي مرتبط بالدين والاعراف وما هو حداثي و معاصر... فقد شكل لي هدا نوع من الازدواجيه في التعاطي مع الأمور
17,20,31,36,31,0,0,0,1,0,أود بداية أن أنصحكم بضرورة متابعة المحاضرات التي عرضها الأخصائي النفسي جوردان بيترسون عن نمودج العوامل الخمسة للشخصية ، فهو قد شرحها بشكل دقيق . كما ينبغي أن تحرصوا على الصرامة البيانية لما تستخدموا الكلمات العربية ، إذ أن لكل كلمة دلالتها البيانية المحددة ، فقد لاحظت في أسئلة الإستبيان بعض الأخطاء كاستخدام كلمة عمل شامل فهذه كلمة غير مفهومة .أما أما فشخصيتي هي شخصية متفتحة على التجربة و إنطوائية نسبيا وعصابية و تميل إلى القبول و ضميري يقظ جدا . قمت باجتياز هذا الإختبار على منصة  أخرى باللغة الإنجليزية كما أنني مهتم بهذا المجال .
28,29,32,34,34,1,1,0,1,0,"الهندسة الصناعية شعبة اخترتها عن حب، فهي شعبة شاملة لعدة مجالات، و انا بطبعي احب الاطلاع على عدة ميادين. الاطلاع و الدراية بعدة مجالات صعب لكنه ممتع في نفس الوقت.
التدريبات التي أنجزتها في الميدان الصناعي جعلني اعرف قدراتي المعرفية في المجال و كذلك أهمية الجانب الاجتماعي الذي ييسر التعامل مع الآخر في العمل و التعاون مع بعض. الامر الذي تعلمته كذلك هو عدم اخذ الامور في العمل بشكل شخصي، و عدم التأثر بسوء معاملة احدهم لي في العمل."
19,28,36,36,35,0,1,1,1,0,الجامعة كان لها دور مهم في اثبات ذاتي و التعرف على الناس  و اخد الكلمة امام الجمهور و المشاركة في عدة احداث و تظاهرات . تمكنت على التعرف على العديد من الناس من مختلف المناطق
33,15,34,31,46,1,0,0,0,1,هذا الأسبوع كان لدي أعمال كثيرة لهذا كان هناك قليل من ضغط و لكنني سعيدة بسبب بعض الإنجازات التي أقوم و سأقوم بها في بالتدريب الذي أقوم به لإنهاء وأيضا سعيدة بسبب إلتقائي بأناس جدد أصبحوا أصدقائي في وقت قصير
22,28,29,30,35,0,1,0,0,0,"افضل عدم وجود بعض الناس من ناحية كثرة الحديث والتذمر حول كل شيء واكثر من يدعون المعرفة الشاملة
اظن اني استطيع تحمل البعض ولكن يتعلق الأمر بالمزاج والظروف المحيطة بالعمل"
25,27,37,37,40,0,1,1,1,1,أرى أن مساري الدراسي والتجارب الت عشتها أثناء الدراسة ساعدتني في تكوين شخصية منفتحة نوعا ما على الآخر، مبدعة وتحب التحديات . كما أن تجاربي الإجتماعية مكنتني من التعرف على ذلك الجانب المحب لخدمة الآخرين وإسعادهم والإحساس بالرضا عند إدخال الفرحة والسرور على الآخر كما اكتشفت أنني إنسانة تنتبه لأدق التفاصيل وتحرص على أن تعطي وتبرز أفضل ماعندها .
22,17,37,33,33,0,0,1,0,0,انا شخص يحب اشياء عديدة على المستوى الشخصي احب ان اكون هادئا مبتسما سهلا على المستوى المهني احب الهندسة و كل ما له بالهندسة و الابداع لا احب الافكار المنقولة و التي لا تتسم بالابداعية
21,27,33,29,33,0,1,0,0,0,درست بعدة جامعات و دائما احس بالتقصير و عدم الرضى اللذي جعلني افقد صورة واضحة لما أريد أو أحب. احساس بعدم القدرة على التعبير الصحيح وعدم التركيز رغم انني اعمل بجد و لكن الككلمات تخونني.
24,22,29,31,37,0,0,0,0,0,"تجربتي الدراسية في الجامعة لم تكن مستقرة، لكن تمكنت من اتمام دراستي والتخرج سنة2017.
الان اشتغل كمستشار حر في مجال تخصصي واحاول ان اكتسب مهارات جديدة تمكنني من انشاء مشروعي الشخصي، كما انني مهتم بالبحث العلمي واتمام الدراسة في الدكتوراه. 
خلال الحجر الصحي تعرضت لاضطراب نفسي ثقيل ولم اتمكن من التعافي منه تدريجيا الا مؤخرا بممارسة الرياضة وانشطة اخرى. 
اتمنى للباحثين الذين يشرفون على هذا البحث حظا موفقا وان يطلعوا الرأي العام على نتائج بحوثهم لكي يستفيد الجميع. "
21,18,37,35,36,0,0,1,1,0,"لكل فترة من الحياة تأثيرها على شخصية الإنسان سواء أكانت جميلة أو غير ذلك فلولا التجارب و المحن لما تطورت شخصية الإنسان , فهذا  الأخير جبل على التعلم وتزكية النفس والسمو بها.   "
33,14,28,30,39,1,0,0,0,1,"انا فعلا امر بمرحلة صعبة  حاليا الا و هي البطالة، و نعرف جميعا انها فترة ليست بالهينة و لكن احاول قدر المستطاع ان ابقى متفائله و طموحة لغد افضل، بالاصرار و العزيمة انشاء الله نصل الي مبتغاي و احقق جميع أهدافي،
و بالنسبة لتجربة الجامعية التي مررت بها فهي مرحلة فريدة و غنية بالمكاسب لا من الناحية المعرفية و لا على مستوى الشخصي، بحيت فضاء الكلية هو فضاء اكاديمي و تجربة جديدة تتيح لك الفرصة على تطوير و اغناء مجموعة من المكتسبات "
18,18,32,29,29,0,0,0,0,0,عندما أكون في العمل هناك لحظات أشعر فيها بثقل كبير و أتمنى أن ينتهي اليوم أو الأسبوع بسرعة، و هناك لحظات أشعر أنني أقوم بشيء مهم و يجب أن أتمه على أكمل وجه.
23,31,37,36,33,0,1,1,1,0,لحطة أن العمل له عدة إيجابيات فهو يسمح لي بتخلص من روتيني اليومي ومن المشاكل الموجودة فالبيت ويسمح لي بإراحة تفكيري قليلا وتعرف على الاخرينوالحياة مليئة بالصعاب علينا مواجهتها بكل ليونة فهاد ليس دليل على ضعفني أو عجزي بل على قوتي
18,17,36,25,43,0,0,1,0,1,"في الوقت الراهن تراودني أفكار سوداوية تجعلني كثيرة التفكير لا أستطيع تمييز أهدافي وأشكك بقدراتي رغم محاولاتي لطرد هاته الأفكار إلا أنها لاتزال تسمم عقلي ولا أجد طريقا للخلاص. 
عادة أنا خجولة وأحب الانصات أكثر من الكلام، لكن ما إن أتواجد بين أشخاص أعرفهم يذهب الخجل وأصبح أكثر انفتاحا. "
24,21,31,31,35,0,0,0,0,0,دراستي كانت جيدة و تمكنت من الحصول على شهادات مهمة. احب تنمية معارفي و اتوق التطور و تسلق المراتب. اريد ان تغيرت طبيعة عملي كل ست سنوات و تجديد دافعيتي نحو العمل. أحيانا لا أحب المجامعات والتصنع. احب وضع الاشياء على طبيعتها وقدرها.
24,16,34,42,39,0,0,0,1,1,أعمل في مجال الادارة، كما هو معلوم فطبيعة العمل تجعلك تتعامل مع أصناف متعددة من الاشخاص و لا سيما إذا كنت رئيسا او مرؤوسا مما يحتم عليك التعامل بدكاء واخلاص. ادا فمع الذين أنت رءيسهم فيجب أن تتعامل معهم كمعاملة القائد لجنوده مما يفرض عليك الحزم و العطف في نفس الوقت فلكل مقام مقال كما يقال. و اما مع الذين يرءسونك فيجب أن تحترم دون الدخول في في بعض افات المجتمع كالتملق و غير دلك.
18,30,39,34,24,0,1,1,1,0,كانت تجربتي  في  الجامعة  تجربة فريدة و متميزة فقد استطعت الحصول على أعلى النتائج في جميع المراحل إلى ان وصلت الى مرحلة الدكتوراة حيث تعزز مهاراتي عبر تجربة التدريس في الجامعة الا ان معظم الصعوبات التي واجهتني كانت مرتبطة بالانفتاح والاندماج الاجتماعي 
19,21,34,27,42,0,0,0,0,1,تجربتي الجامعية كخريجة هندسة صناعية لها ايجابياتها كما سلبياتها، كاجابيات اجد انها طورت من شخصيتي كتيرا بغض النظر عن التخصص و إنما فكرة العيش لوحدي بعيدة عن الأهل وبالتالي عدم الاعتماد إلا على نفسي مواجهة فئات مختلفة من المجتمع كالبقال البائعين في السوق بحكم أنني لم أقم بهذه الاشغال في بيت الأهل فالمهم الاحظ تطورا  في شخصية لهذا السبب رغم الخجل الذي لا يفارقني   إنما فقط يقل او يزيد بين الفينة و الأخرى وحسب المواقف. وكسلبيات فلها علاقة اكتر بالتخصص والتوجيه فالآن بعد أن تخرجت في دفعة الكرونا اكتشفت فجأة ان هذا لم يكن إختياري بل بالأحرى تأثير المحيط والأهل لتوجه في هذا الإختصاص في حين اني اكتشفت اني احمل شغفا للبرمجة اكتر منه للصناعة و خصوصا في هذه الفترة التي اعيشها للبحث عن اول فرصة شغل يتبين لي اكثر ان التوجه التاني كان صائبا اكثر فاجدني على الاغلب محبطة و في حالة فراغ.  غير هذا اتمنى لكم التوفيق في بحثكم.
27,35,33,34,35,1,1,0,1,0,لا افكر سوى في هذا الوباء الذي اخذ منا أعز الناس رحمهم الله، ما حدث جعلني أتيقن أن العافية هي كنز لا يشترى و لو بكنوز العالم أكمله رزقنا الله وإياكم الصحة و ألبسنا ثوب العافية
26,19,39,33,44,0,0,1,0,1,"دراستي في مدرسة عليا للمهندسين أثرت في بشكل خاص في الجانب المهاري. عملي في عدة نوادي مكنني من اكتساب مهارات شخصية و حس نقدي و ابداعي؛ كذلك القدرة على اقتراح أفكار جديدة.
أسبوعي مر جيدا، تمكنت من تنزيل ما خططت له بسرعة كبيرة بل و ابهرت محيطي بعملي و قاموا بالثناء عليه."
14,25,33,24,30,0,1,0,0,0,أنا شخص انطوائية و خجولة تهتم كثيرًا برأي الناس عني وأحاول إرضاءهم ، لكن بما أنني أشعر بخيبة أملهم أكثر من إرضائهم ، فأنا أميل إلى الابتعاد وتعويض هذه الحاجة في أحلام اليقظة ، كلما ابتعدت يصبح التعامل مع الناس اصعب فأصبح انطوائية أكثر، إنها حلقة لا تنتهي أبدًا ، لدي مشكلة في معرفة قيمة نفسي أشعر دائمًا بأنني لا قيمة لها مما يقودني دون وعي إلى الهروب من الحياة والمسؤولية ، وأعتقد أن هذه هي أكبر نقاط ضعفي 
32,22,35,38,43,1,0,0,1,1,اصبحث اكثر حذرا وانتباها، تعلمت اساليب جديدة في التعامل مع شخصيات اخرى، أصبح لدي وعي أفضل في التعامل مع الناس، اصبحث اكثر قوة، وأكثر احترافية وأتخذ القرارات دون تردد، اصبحت أتطلع لمناصب المسؤولية 
25,28,38,33,39,0,1,1,0,1,ليس لدي الكثير لأقوله أنا على العموم شخص ذكي و كسول في نفس الوقت. أنا شخص فضولي بطريقة إيجابية أتعلم الكثير و أبحث كثيرا. ليس هنالك شيء أحبه بالذات أنا على العموم أحب و كل شيء و أريد أن أكتشف كتيرا. أحسن أيضا أني فاشل أحيانا و أريد أن أصبح شخصا أكثر نجاحا لأني مؤمن أني شخص هائل يستطيع تحقيق الكثير. لقد تم رفضي كثيرا .. في مدارس عليا راقية في تخصصات و فرص هائلة .. لكني سأستمر حتى أصل إلى مستوى عالي 
20,27,30,26,35,0,1,0,0,0,لا أحس أنني مرتاحة لا أحب الصعوبات أحب أن أرى الأشياء سهلة. أتمني أن أصل إلى مستوى عال من الطمأنينة . أبحث عنها و سأجدها من المؤكد. أهرب من الشقاء وأتمنى أن يقف عقلي من التفكير لمدة قليلة يوما ما
20,22,34,27,37,0,0,0,0,0,"التعبير عن الذات ليس أمرا سهلا و لكن سأحاول
بالنسبة لدراستي فانني احب موضوع اطروحتي رغن اني احيانا أتسائل ان كان اكمال دراستي قرارا صائبا لكن أبقى متفائلة
أفكر مؤخرا بالموت كثيرا و أتمنى أن لا أعيش كثيرا و لكن أن يكون لحياتي معنى و أفعل أشياء أستطيع مساعدة غيري بها...
"
16,18,37,31,31,0,0,1,0,0,"أنا شخص هادئ أفضل السكوت
لدي طموحات كبيرة لكني لا أفعل ما يلزم في سبيل تحقيقها
أحب الخير لجميع الناس و أساعدهم قدر استطاعتي إذا طلبوا مني ذلك
حظا مو فقا لكم"
27,14,40,37,45,1,0,1,1,1,إني الآن بصدد تناول وجبة الغذاء التي أعدتها لي شريكة حياتي، جالس بسيارتي منصتا لإذاعة راديو تجري حوارا مع أحدهم بالفرنسية غير أني وجدت نفسي منصتا لكلمة و مضيعا للكثير من حديثهم ذلك، أمامي حقل شاسع، أغنام ترعى في أمان الله غير مدركة أن عيد الأضحى قد اقترب، دعها، فأكثرنا واعوون  غافلون. الجو كئيب، الشمس حاجة من الظهور و تحس بأن قطرات المطر مترددة في السقوط.
32,22,40,31,38,1,0,1,0,1,"اشعر انني في مفترق الطرق وكل الطرق تبدو مناسبة لكن لم احدد لحد الان الافضل ويجب أن اختار في اقرب وقت،كلي امل في الله سبحانه وتعالي ان ينير طريقي.
شكرا لكم والله ولي التوفيق



















 "
28,25,35,36,34,1,1,0,1,0,التعليم في الجامعة عامة و السكن في الحي الجامعي خاصة ساعدني كثيرا في تنمية شخصيتي و اعطاء الاهمية لجميع الامور بحولي كما ضاعف قوة الصبر في جميع المواقف. وفيما يخص تجربتي في العمل في الحقيقة العمل في الادارة يكبح التطور الداتي وتبقى تدور في دائرة مقفلة. ولكن العمل في  التعليم يحفز من جديد قدرة البحث والابتكار.
23,25,37,34,43,0,1,1,1,1,"وفقكم الله في عملك هدا، 
اليوم عدت من رحلة دامت خمسة ايام، رحلة اقل ما يمكن ان يقال عليها،رائعة، التقيت باناس يشبهونني كثيرا، تقاسمنا العديد من اللحظات التارخية، بعد مرور اكثر من سنة على اخر رحلة. 
بالنسبة للبحث، المرجو ادخال الدارجة في الاتمارة للتوصل باجابات عميقة"
11,29,29,24,26,0,1,0,0,0,مرحلة الجامعة اعتبرها اجمل مرحلة مرت في حياتي. ورغم شخصيتي المنعزلة حضيت باصدقاء كثر. لطالما نصحني الناس ان اقلل تشاؤمي و ان ابتسم اكثر. ارى فى نفسي عيوبا لا تحصى و اسعى جاهدة لتقدير نفسي اكثر. اشكركم على طرح هذا الاختبار و ارجو لكم التوفيق.
31,31,37,33,36,1,1,1,0,0,الدراسة في الجامعة مرحلة مهمة، و تساعد على بناء شخصية مستقلة. بالنسبة للعمل فدائما ما إميل الى العمل الحر لانه يجعلني ارتب مواعيدي بنفسي . اسبوعي القضيه بين الدراسة و العمل الحر و انا سعيدة بذالك 
24,28,29,34,39,0,1,0,1,1, لاطالاما كان حلمي تحقيق داتي و كان الطريق الوحيد امامي هو الدراسة كنت اعتقد ان الطريق سيكون سهلا لانني كنت من المتفوقين في الثانوي لكن فور التحاقي بالجامعة واجهت مشاكلة عدة عائلية منها و صحية جعلتني افكر في المضي بسرعة دون التفكير في النتيجة او المبتغى فحصلت علي اجازة لا تغنب و لا تسمن من جوع هههه تؤدي فقط الي التعليم بحضوض قليلة. تزوجت و لدي طفلة زوجي انسان رائع يدعمني كما لم يفعل ابي لكن هدا التوقف عن الدراسة في نصف الطريق كسر احلامي و من الصعب الرجوع الي الطريق بعد هدا الانقطاع و لمن الصعب هو التفكير في انني لم احقق طموخاتي لانني ادرك بشدة مدي قدراتي و فعاليتي جربت ان اعمل مرات عدة اخدت عدة تجارب اكدت لي و لمن عملت معهم قدراتي علي العمل  و مدى مهارتي و هدا من بين الاسباب التي تخلق لي مشاكل مع زملاء العمل..  معرفتي بداتي تجعلني لا انحني تمرقا ولا اقبل ان ادل مع من كان و انا فخورة بدلك رغم المصاعب التي اواجه بسبب دلك.. 
26,27,34,28,31,0,1,0,0,0,"افضل تجربة مررت بها لحد الآن مليئة بالتحديات منها الإيجابية والسلبية كانت لها تأثير فعال في تكوين شخصيتي الآن من حيث المستوى الدراسي او الإجتماعي لا أنكر دور زملائي أيضا. دراستي في الجامعة ساعدتني في اجادي نفسي وتحقيق مستقبلي العملي 
الأسابيع والأيام تمر بشكل عادي وروتيني لضروف شخصية تحتم علي إعادة الأحداث رغم أني لست راضية لأني لم استانس بالوضع ولكن مع الوقت سترجع الأيام لسابق عندها
العمل جد مهم في حياة أي شخص بالنسبة لي هو التبات نفسك أمام نفسك وليس لأحد آخر تحقق به ما كنت تتمناه في صغرك مجال العمل هو انفتاح على الآخرين ومشاركة أفكارك وانجازاتك "
25,24,33,31,33,0,0,0,0,0,كل إنسان رغم إختلاف أفكارهم قابلون للتطور نحو الأحسن أو الأسوء . من خلال تجربتي في الجامعة التي قضيت فيها حوالي 8 سنوات تعلمت خلالها الكثير و الحمد لله كنت شخصا منعزلا يعمل لوحده يكره العمل في جماعة لا يحبب تبادل الأفكار مع الآخرين ما جعل الآخرين يعتبرونني شخصا معقد ،بفضل الله عز وجل ثم رفقاء الدراسة أصبحت شخصا أكثر إنفتاحا متقبلا للأفكار الجديدة قادرا على فتح موضوع للنقاش مع الآخرين وما زلت متطلعا للمزيد من التحسن على مستوى شخصيتي.
25,21,35,34,37,0,0,0,1,0,شخصيتي تتطور مع تعدد علاقاتي الانسانية و تجاربي سواء الشخصية أو العملية أو الاكاديمية، فمع تعددها بت شخصا قادرا على الاختيار و التمييز بين ما يضر بي على المدى القريب أو البعيد و ذلك نتاج للتفكير العميق المؤخوذ قبل إتخاذي لأي قرار. و شكرا على هذه الاستمارة و وفقكم الله.
32,15,37,36,39,1,0,1,1,1,معرفة الذات طريق طويل يشترط فيه المثابرة. لكن في ظل الظروف الراهنة التي تجعل المرء منغمسا إما في واجباته اليومية، او هاربا في عوالم افتراضية، قل ما يتمكن الانسان من الجلوس مع نفسه و محادثتها. صرنا نتكلم مع الجميع، و لا نتكلف لحظة الانصات لذواتنا، و لا اعني النزوات، بل افكارنا و طموحاتنا.
19,23,38,34,39,0,0,1,1,1,تجربة العمل كانت مفيدة جدا بالنسبة لي خاصة على المستوى الشخصي، أشعر انني اكتسبت العديد من المهارات الشخصية في التعامل مع الآخرين في الانخراط في بيئة العمل كذلك في ضبط النفس واستغلال المهارات المكتسبة سابقا فضلا عن الثقة بالنفس التي ازدادت كثيرا مقارنة مع السنوات الماضية قبل العمل. كذلك حصولك على عمل يمنح شعورا بالرضى والانجاز والفاعلية والكثير من المشاعر الايجابية والطاقة مهما كان العمل متعبا او به ضغوط نفسية وجسدية.
27,32,35,28,39,1,1,0,0,1,أحببت الفكرة لربما كانت هذه الأسطر صلحا لي مع الكتابة بعد القطيعة، الآن وأنا أكتب هذه الأسطر دون تفكير أو تنقيح وكأنني أفكر بصوت عال فقط أحس بالراحة. فيما يخص مسيرتي الدراسية بالجامعة كانت فعلا مرحلة نوعية مليئة بالتجارب الغنية بالدروس منها الأكاديمي والكثير منها دروس في الحياة، تعلمت فيها معاني الصبر والمثابرة ذقت فيها حلاوة النجاح بعد الفشل، رأيت فيها مختلف الايديولوجيات والطوائف كانت مرحلة بناء لشخصيتي ودفعة كبيرة من أجل السير للأمام. بعدها تأتي تجربة العمل التي أثرت ما سبقها وابانت عن نتاج تلك السنوات فالحمد لله شكرا وحبا ... مر أسبوعي بشكل مختلف بدأ بمفاجأة من حبيبي بعودته من المهجر ثم بدأنا في بناء عشنا الذي سنستقر فيه والآن أنا اشعر بالتعب والرغبة في النوم فقط.
19,22,34,38,36,0,0,0,1,0,مع مرور الوقت، تحول الزمن من لحظات متعة الى لحظات حكم عليها بالإعدام. حتى الجسم في حالة الألم يتفحص طيات المستقبل و يبني آمالا و أمجادا سرعان ما تتلاشى في الحاضر . مالذي وقع؟
26,14,31,34,36,0,0,0,1,0,"رمضان كريم     	
درست بجامعة سيدي محمد بن عبد الله لمدة خمة سنوات اكتشفت فيها عدة جوانب من شخصيتي 
كما اني اكتشفت مدينة فاس الراءعة و العريقة اللتي احتلت مانة خاصة في قلبي 	"
34,26,33,42,45,1,1,0,1,1,الدراسة بالجامعة بالنسبة لي كانت فترة تحول، تحول فكري بالدرجة الأولى، فقد عهدت نفسي تلك الطفلة الطموحة و المندفعة، تلك التي لا تتقبل الفشل، تلك التي عهدت لنفسها الصدارة دوما و كنت أرى لنفسي في ذالك قوة و امتيازا، لكن ما ان ولجت الجامعة حتى أدركت أن أن النجاح الحقيقي يكمن في مثابرتك، في نضالك، في عدم فقدانك الأمل، في نهوضك بعد كل وقعة، علمت أن الحياة لن تأتيني بكل ما أتمنى، فتقبلت الفكرة، علمت أن في أكثر الأنفاق ظلاما، دائما هنالك نور، مهما كان ضئيلا، لكن يكفي أن أؤمن به ليدلني على طريق النجاح، لا يهم كم قضيت من الوقت لأصل هذا المسمى بالنجاح، فنجاحي يكمن في حد ذاته، في عدم استسلامي، في بحثي المستمر عن أفضل نسخة لنفسي، في رغبتي للمعرفة في كل المجالات التي تجذبني و أن كانت بعيدة عن مجال دراستي، في تعلمي كيف أعيش اللحظة، كيف أتعايش مع كبواتي و جعلها دروسا بدل عراقيل، في انتظاري للمستقبل بذراعين جاهزتين لاحتضانه بدل التخوف منه.
29,20,34,28,36,1,0,0,0,0,"أنا شخص يحب القيام بالأشياء بشكل مثالي ، يستغرق الأمر مني بعض الوقت أحيانًا ، لكن ما زلت أفعل الأشياء في الوقت المحدد.
أنا متسامح ، مبتسم ، أفهم الآخرين كثيرًا أيضًا ، أنا غير ملاحظ ، وأحب الابتعاد عن الأضواء"
24,25,45,36,47,0,1,1,1,1,لقد كانت تجربة متميزة مليئة بالمغامرات المفرحة والحزينة صراحة الدكتوراه امر ليس بالهين مطبات لايجاد مجال البحث تليه مغامرات لتحديد مشكل لم يعالج من قبل لتليه رحلة البحث عن فكرة تحل المشكل.
26,21,31,30,40,0,0,0,0,1,تجربتي في الجامعة لم تكن خالية من الدروس و المواقف كما العبر و اللحظات المهمة في حياتي، إلتقيت مع مختلف الشخصيات من الناس من الجيد منها إلى السيئ هذا التلاقح مع الناس مكنني من سقل شخصيتي و كذا معرفتها أكثر والسعي في تحسينها و ترويدها لتكون شخصية صالحة لمحيطها الصغير المتمثل في العائلة أو المحيط الأكبر ألى و هو المجتمع.
23,24,30,28,37,0,0,0,0,0,"انني اعمل كمهندس بوزارة الصحة, اكتسبت الكثير خلال مشوار المهني سواء على المستوى الشخصي حيث اصبحت اكثر هدء و انفتاحا على الاخرين اضافتا الى الاحساس بالمسؤلية, لكنني كنت دائما اطمح للعمل في البحث العلمي خاصة عندما ولجت المستوى الجامعي"
12,27,31,32,31,0,1,0,0,0,الدراسة بالجامعة على عكس المتوقع تطلبت مني مجهودا كبيرا و أخذت مني الوقت الكثير الذي كان من الممكن أن أقضيه مع عائلتي مثلا أو في تعلم هواية جديدة. الدراسة بالجامعة تتطلب أيضا شخصية شجاعة و إجتماعية، فالتعرف على زملاء جدد و الدراسة معهم يمكن أن يساهم بشكل كبير في التحصيل الدراسي الجيد.
14,12,36,36,34,0,0,1,1,0,بدء يومي هذا بعد ان قرأت بضعا من القرآن الكريم بعد صلاة الفجر، فتحته و قرأت من سورة الإسراء فإذا بي اقرا (أَقِمِ الصَّلَاةَ لِدُلُوكِ الشَّمْسِ إِلَى غَسَقِ اللَّيْلِ وَقُرْآنَ الْفَجْرِ إِنَّ قُرْآنَ الْفَجْرِ كَانَ مَشْهُودًا) و ها أنا أتذرع بين يدي الله في الوقت الذي ذكره هو سبحانه و تعالى.. غمرتني السعادة، و كأن الخطاب موجه إلي بالذات
24,31,34,26,30,0,1,0,0,0,عندما بدأت الدراسة في الجامعة، كنت أشعر بالقليل من الوحدة .. فهي بداية لمرحلة جديدة من حياتي لم أكن املك فيها كثيرا من الأصدقاء، و خاصة أنني انفصلت عن أصدقائي. لكن سرعان ما تعرفت عن أناس جدد، كانتفعلا مرحلة قاسية لكن انتهت بذكريات رائعة.
26,32,28,34,32,0,1,0,1,0,أمر بأسبوع متوتر الى حد ما، نظرا لإقتراب الامتحانات والتفكير المتزايد في الدراسة وكذا الخطوات الواجب اتخاذها لتمر هاته الفترة على ما يرام .. أحاول الخروج من مساحة الأمان الخاصة بي و تعلم شيء جديد 
24,33,36,27,34,0,1,1,0,0,حياتي أصبحت رأسا على عقب أو جعلتها كذلك تفلتت الامور من بين يدي  ولم أعد قادرة على السيطرة . كل شيء يسير نحو المجهول.. ألم و خوف يجعلاني أقف دون حراك  أترقب عناية إلاهية و معجزة من السماء  ..
21,32,30,29,40,0,1,0,0,1,أنا أستمتع حقًا بكوني مركز الاهتمام بين أصدقائي وأغضب إذا لم أكن كذلك ؛ هذا يجعلني غاضبًا في بعض الأحيان لا أعرف لماذا  ، أعرف أنه سلوك سيء وأحاول التخلص منه . من أجل معالجة هذا ، قرأت أنني بحاجة إلى تنظيف أفكاري ومحاولة إعطاء الكثير من الاهتمام للناس ، سيحبونني مما سيساعدني على الشعور بالرضا من الاهتمام .
29,24,40,33,47,1,0,1,0,1,يصعب ضبط الانفعالات خاصة تحت الضغظ. و الاتزان السلوكي ضرورة للنجاح و الابداع و التقدم. ربما البحث عن الدقة و الفعالية و المردوية العالية يشكل عامل مؤثر في زيادة الضغظ. بالإضافة للتطلعات الاجتماعية الوظيفية من أجل تحقيق الذات. كما يصعب تحقيق المتعة و الاستمتاع بتحصيل المعرفة و إنتاجها عندما يرتبط النجاح بالضغط المتواصل على فترة طويلة . 
22,21,37,29,28,0,0,1,0,0,"ساعبر عن الحب الاول او الحب العذري الذي يختلج الفؤاد اول مرة خصوصا في ايام البراءة والطفولة و الذي يستمر معك في مراحل حياتك دون كلام.
عندما يذهب كل في طريقه ويشق حيانه بعيدا عن الاخر.
وتشاء الصدف شيئا آخر ويقع اللقاء الصامت من جديد و عذاب الحب من جديد فاعلم انك شقي ...."
32,40,23,40,34,1,1,0,1,0,"انا انسانة مزاجية تحب الالتزام بالوقت والعمل والتنظيم  والحياة اصعب من توقعاتنا تصيبنا بالتحباط واليأس اذا تعارضت افكارنا معها.
 والتجربية الحياتية اكبر مختبر للانسان في اكسابه فن التعامل والتواصل الجتماعي.وشكرا"
28,15,33,40,44,1,0,0,1,1,تجربة الدراسة بالجامعة كانت تجربة رائعة وصعبة في الوقت ذاته. صعبة كانت لأن المدينة التي كنت أدرس حينها بها بعيدة جدا عن الأهل ورائعة لبداية اكتشافي لذاتي وشخصيتي انطلاقا من الاحتكاك مع الآخرين. أول نقطة إيجابية استفدته من الجامعة هي التحدث بالدارجة المغربية لكوني منحدرة من أصول أمازيغية حيث كانت هذه الأخيرة هي المتداولة بكثرة و في جميع الأماكن. إلى جانب هذا تعلمت مجموعة من المعارف التقنية و العلمية التي لها علاقة بالعلوم بصفة عامة و مجال التكنولوجيا و المعلوميات بالخصوص. 
28,28,31,35,38,1,1,0,1,1,اتعصب عندما اشتغل في إطار فريق عمل و أجد البعض غير مبال مما يجعلني انفعل بشدة و أشعر باحساس سلبي اتجاه الشخص او الأشخاص المعنية و ممكن ان تتوتر الأمور في الخارج وتصبح العلاقة متوترة
27,19,42,39,36,1,0,1,1,0,لقد قضيت الاسبوع الماضي وأنا أحاول كتابة مقالة علمية حول موضوع أطروحتي، أشعر بأن أفكاري مشتتة وأنني ضائعة لا سيما أنني في السنة الثالثة، لكن يقيني في الله عز وجل كبير و سوف أنجح إن شاء الله. 
33,8,38,45,43,1,0,1,1,1,علمتني الحياة ان اكون صبوىة متفائلة احب الخير للجميع واساعدهم في مواقفهم الصعبة لاانتظر جزاء لان من يعمل خيرا يجده  وان الاخلاص في العمل تجزى عليه من عند الخالق واذا امنت بشيء قم به لاتنتظر حتى يقوم به الاخرون والصدق والعمل الجاد مفتاح النجاح
27,17,31,34,44,1,0,0,1,1,"كانت المرحلة الجامعية أجمل مرحلة مرت في حياتي، حيث اتسمت بالحيوية والحماس عكس مرحلة العمل مليئة بالروتين والملل.
أما يومي فقد مر عاديا جدا بعد العمل قمت بزيارة طبيب الأسنان وأتممت بعض الأغراض الإدارية وعدت متعبة جدا للمنزل."
25,19,35,37,40,0,0,0,1,1,"تجربتي الدراسية و رغم طولها الزمني (حوالي 7 سنوات بعد الباكالوريا )اهلتني للاندماج في سوق الشغل ، لكن طموحي مند الصغر كان ولوج وظيفة مدرس في الجامعة ، هذا الطموح لازال قائما لاني واصلت دراستي الجامعية وانا الان حاصل على الماستر ، بأقصى تقدير 5سنوات وستحصل على مرادي . احاول الان التوفيق بين حياتي الزوجية وتحقيق أحلامي وأحلام زوجتي وعاىلتي وبالخصوص تربيت ابنائي ليصبحوا مواطني الغد لما هو مصلحة لنفسهم وللوطن .
كل هذه الأهداف كانت بتوفيق من الله وبمساعدة الوالدين أطال الله في عمرهما واتمنى لهما كل السعادة في الدنيا والآخرة والسلام عليكم ورحمة الله وبركاته. "
23,20,31,31,31,0,0,0,0,0,ان مسار الحياة من الدراسة إلى العمل الى الحياة العالمية مر كما شاءت أقدار الله وكل من سار على الدرب وطل لا يمكن التخطيط لكل امر وكما قال الكندي ما مضى فات والمسلم غيب ولك الساعة التي انت فيها
29,31,25,34,40,1,1,0,1,1,كلما اختلف مكان تواجدك و أشخاص الذين من حولي تبدأ شخصيتي تتأثر بهم بشكل، دائما يكون هذا تأثير بأفكار سلبية و احباطات قد ترجع مزاجك حزين و لا تملك رؤية واضحة و متفاءلة حول مستقبلك، لا تجعل اخرين يؤثرين عليك ، 
20,40,22,30,34,0,1,0,0,0,تجربتي الجامعية فاشلة بكل المقاييس حاصل على الاجازة وليس لدي طريقة لولوج سلك المستور الدي احلم بيه والدكتورة التي تشغلني يوميا.رغم حصولي على علامات جيدة فالبكالوريا وسلوك الاجازة اشعر يوميا باللبن وعدم الرصا
26,32,32,42,50,0,1,0,1,1,"النجاح في الحياة العملية والشخصية تنبني على خلق التوازن. التوازن في الانفتاح و الثقة والمثابرة ومعرفة نقاط الضعف كالمزاجية والتعامل معها كآليات دفاعية للشخصية لا كنواقص يجب اخفائها. 
الاسبوع كان مثمرا على صعيد العمل والحمد لله. اتممت مشاريع وأعمل على أخرى مستقبلية. "
26,27,28,37,39,0,1,0,1,1,"الدراسة بالجامعة حسب تجربتي تنقصها الجدية والفعالية لدى الكثير من الأساتذة والطلبة على السواء إذ تغلب عليها النفعية. 
بالنسبة المحيط فهي هدر الوقت أما المستقبل فهي مهمة معنويا بالنسبة لي.
 الأحداث روتينية يوما بعد يوم وما يساعد على تجاوزها هو المطالعة خاصة"
31,28,33,29,31,1,1,0,0,0,"الدراسة في الجامعة تجربة ناجحة في الحياة
العمل في التعليم يشعرني بمكاني في المجتمع
حياتي بسيطة وهادئة لا أصعب الأمور كثيرا 
اعيش الحياة كما هي.
أنا مقتنع بأن الرزق من الله والعمل من العبد فقم بعملك جيدا وانتظر الجزاء من الله. "
